IDFC,EQ,N,2020101,18.82
ADANIPOWER,EQ,N,2020101,48.24
LTTS,EQ,N,2020101,1444.98
REFEX,EQ,N,2020101,65.76
GNA,EQ,N,2020101,229.80
SHARDACROP,EQ,N,2020101,209.52
CHOLAFIN,EQ,N,2020101,189.48
LGBBROSLTD,EQ,N,2020101,269.58
HDFCBANK,EQ,N,2020101,1201.20
SUBEX,EQ,N,2020101,9.37
SUNPHARMA,EQ,N,2020101,567.72
ESCORTS,EQ,N,2020101,1151.46
SBIN,EQ,N,2020101,204.30
PRICOLLTD,EQ,N,2020101,49.92
BHAGYANGR,EQ,N,2020101,17.58
ORIENTALTL,EQ,N,2020101,10.28
MARICO,EQ,N,2020101,396.96
WHIRLPOOL,EQ,N,2020101,2448.84
APOLLO,EQ,N,2020101,101.70
ALLSEC,EQ,N,2020101,223.38
GODREJCP,EQ,N,2020101,767.46
20MICRONS,EQ,N,2020101,33.00
TATAELXSI,EQ,N,2020101,983.52
BIRLAMONEY,EQ,N,2020101,31.98
BCG,EQ,N,2020101,9.10
BRITANNIA,EQ,N,2020101,4141.14
FCL,EQ,N,2020101,32.76
JAYBARMARU,EQ,N,2020101,185.34
AHLUCONT,EQ,N,2020101,214.08
GRANULES,EQ,N,2020101,217.32
BAYERCROP,EQ,N,2020101,6078.54
ASHAPURMIN,EQ,N,2020101,36.84
IOLCP,EQ,N,2020101,468.48
BASF,EQ,N,2020101,1410.24
TFCILTD,EQ,N,2020101,47.76
INFRATEL,EQ,N,2020101,267.90
KOTHARIPRO,EQ,N,2020101,108.78
MAJESCO,EQ,N,2020101,414.60
BPL,EQ,N,2020101,18.78
CDSL,EQ,N,2020101,307.32
MINDAIND,EQ,N,2020101,352.74
ALKALI,EQ,N,2020101,50.88
EMAMIPAP,EQ,N,2020101,88.14
DRREDDY,EQ,N,2020101,4674.42
BANARBEADS,EQ,N,2020101,39.30
PCJEWELLER,EQ,N,2020101,14.04
CADILAHC,EQ,N,2020101,423.66
APOLLOHOSP,EQ,N,2020101,1632.78
MASTEK,EQ,N,2020101,354.00
SAIL,EQ,N,2020101,37.32
NCC,EQ,N,2020101,32.58
NATHBIOGEN,EQ,N,2020101,402.96
SHREYANIND,EQ,N,2020101,95.34
MANGCHEFER,EQ,N,2020101,47.88
KNRCON,EQ,N,2020101,248.28
PEL,EQ,N,2020101,1414.80
ZEEL,EQ,N,2020101,238.74
AMDIND,EQ,N,2020101,18.36
PRAJIND,EQ,N,2020101,73.56
MTNL,EQ,N,2020101,9.26
DMART,EQ,N,2020101,2857.98
GESHIP,EQ,N,2020101,246.90
AUROPHARMA,EQ,N,2020101,879.84
SCI,EQ,N,2020101,57.78
PNB,EQ,N,2020101,35.10
GARFIBRES,EQ,N,2020101,1656.72
DIVISLAB,EQ,N,2020101,2893.20
AGROPHOS,EQ,N,2020101,12.96
AIAENG,EQ,N,2020101,2031.72
ICICIBANK,EQ,N,2020101,418.08
BEL,EQ,N,2020101,83.58
63MOONS,EQ,N,2020101,70.20
TATACOFFEE,EQ,N,2020101,90.24
MSTCLTD,EQ,N,2020101,137.76
TATAMOTORS,EQ,N,2020101,115.80
ATUL,EQ,N,2020101,5669.76
530355,EQ,N,2020101,94.14
HINDALCO,EQ,N,2020101,169.38
BOSCHLTD,EQ,N,2020101,12598.98
LAXMIMACH,EQ,N,2020101,3266.64
ICICIPRULI,EQ,N,2020101,456.48
LAURUSLABS,EQ,N,2020101,560.40
DIXON,EQ,N,2020101,6237.06
SHK,EQ,N,2020101,70.92
AMBER,EQ,N,2020101,1724.94
538778,EQ,N,2020101,21.42
GTLINFRA,EQ,N,2020101,0.54
ADANIPORTS,EQ,N,2020101,407.94
SCHAEFFLER,EQ,N,2020101,3899.22
JMFINANCIL,EQ,N,2020101,81.54
505710,EQ,N,2020101,42.54
UNIONBANK,EQ,N,2020101,30.78
KDDL,EQ,N,2020101,141.18
PHILIPCARB,EQ,N,2020101,90.60
FAIRCHEM,EQ,N,2020101,592.38
HEROMOTOCO,EQ,N,2020101,2782.08
HDFC,EQ,N,2020101,2176.32
DBCORP,EQ,N,2020101,77.76
TATASTEEL,EQ,N,2020101,383.28
PUNJABCHEM,EQ,N,2020101,542.88
GMMPFAUDLR,EQ,N,2020101,4643.40
RUCHIRA,EQ,N,2020101,48.48
DLF,EQ,N,2020101,188.64
TORNTPOWER,EQ,N,2020101,393.90
FMGOETZE,EQ,N,2020101,545.64
GLENMARK,EQ,N,2020101,466.44
RBLBANK,EQ,N,2020101,152.58
BAJAJ-AUTO,EQ,N,2020101,3355.32
QUESS,EQ,N,2020101,292.02
SPANDANA,EQ,N,2020101,614.58
KPRMILL,EQ,N,2020101,544.56
BFUTILITIE,EQ,N,2020101,189.72
INDOCO,EQ,N,2020101,247.02
RELIANCE,EQ,N,2020101,1842.84
KOTHARIPET,EQ,N,2020101,21.80
JINDALSTEL,EQ,N,2020101,155.16
ESABINDIA,EQ,N,2020101,1715.52
PVR,EQ,N,2020101,1165.62
GALLISPAT,EQ,N,2020101,29.76
UCOBANK,EQ,N,2020101,13.98
NATCOPHARM,EQ,N,2020101,713.94
TEXRAIL,EQ,N,2020101,28.38
JUSTDIAL,EQ,N,2020101,491.76
HAVELLS,EQ,N,2020101,659.22
MIDHANI,EQ,N,2020101,243.60
EXIDEIND,EQ,N,2020101,204.78
CONCOR,EQ,N,2020101,469.86
BEDMUTHA,EQ,N,2020101,17.40
ERIS,EQ,N,2020101,623.04
IFBAGRO,EQ,N,2020101,360.66
INSPIRISYS,EQ,N,2020101,25.08
GPPL,EQ,N,2020101,76.08
ALKEM,EQ,N,2020101,2881.20
DUCON,EQ,N,2020101,4.74
BIL,EQ,N,2020101,110.10
UNIENTER,EQ,N,2020101,67.14
SRF,EQ,N,2020101,4415.76
ITI,EQ,N,2020101,108.42
NAVNETEDUL,EQ,N,2020101,85.14
PANACEABIO,EQ,N,2020101,177.42
AFFLE,EQ,N,2020101,1817.04
ADFFOODS,EQ,N,2020101,331.56
NAM-INDIA,EQ,N,2020101,332.76
MGL,EQ,N,2020101,1159.68
DHANUKA,EQ,N,2020101,696.24
KREBSBIO,EQ,N,2020101,96.18
514418,EQ,N,2020101,385.14
506532,EQ,N,2020101,135.48
TATASTLBSL,EQ,N,2020101,23.70
RUBYMILLS,EQ,N,2020101,188.70
BANKBARODA,EQ,N,2020101,50.52
CYIENT,EQ,N,2020101,254.10
HINDZINC,EQ,N,2020101,207.42
JSWSTEEL,EQ,N,2020101,230.58
MAHINDCIE,EQ,N,2020101,123.84
NESTLEIND,EQ,N,2020101,20417.58
SYNGENE,EQ,N,2020101,444.42
ASTRAL,EQ,N,2020101,1135.20
KSK,EQ,N,2020101,0.54
MRF,EQ,N,2020101,75228.30
SPICEJET,EQ,N,2020101,52.68
TVSMOTOR,EQ,N,2020101,436.92
WELSPUNIND,EQ,N,2020101,41.16
VOLTAS,EQ,N,2020101,669.24
BAJAJFINSV,EQ,N,2020101,6221.70
BPCL,EQ,N,2020101,409.92
URJA,EQ,N,2020101,3.48
MFSL,EQ,N,2020101,555.06
VSSL,EQ,N,2020101,57.24
500223,EQ,N,2020101,1.64
TATACONSUM,EQ,N,2020101,440.94
CARERATING,EQ,N,2020101,479.04
DABUR,EQ,N,2020101,553.02
JBCHEPHARM,EQ,N,2020101,839.82
LUPIN,EQ,N,2020101,1045.50
ADANIENT,EQ,N,2020101,179.94
SUZLON,EQ,N,2020101,3.59
VEDL,EQ,N,2020101,116.28
APEX,EQ,N,2020101,238.86
SBICARD,EQ,N,2020101,684.06
BAJFINANCE,EQ,N,2020101,2815.44
SOLARA,EQ,N,2020101,618.42
ARVIND,EQ,N,2020101,43.44
TATACHEM,EQ,N,2020101,378.60
KOTAKBANK,EQ,N,2020101,1611.48
KOTARISUG,EQ,N,2020101,18.12
ULTRACEMCO,EQ,N,2020101,4601.10
524648,EQ,N,2020101,55.92
TMRVL,EQ,N,2020101,9.02
IDEA,EQ,N,2020101,9.24
CEREBRAINT,EQ,N,2020101,37.32
M&M,EQ,N,2020101,555.42
NSIL,EQ,N,2020101,791.28
SHIVAMAUTO,EQ,N,2020101,14.88
OMAXE,EQ,N,2020101,220.86
MCDOWELL-N,EQ,N,2020101,688.14
FINPIPE,EQ,N,2020101,566.88
MAITHANALL,EQ,N,2020101,475.14
EIHOTEL,EQ,N,2020101,87.96
NTPC,EQ,N,2020101,116.10
ICRA,EQ,N,2020101,3150.66
MOTHERSUMI,EQ,N,2020101,122.34
DCBBANK,EQ,N,2020101,78.84
GLOBUSSPR,EQ,N,2020101,115.08
LSIL,EQ,N,2020101,0.96
KRBL,EQ,N,2020101,247.80
HATHWAY,EQ,N,2020101,28.74
FEDERALBNK,EQ,N,2020101,57.12
RAYMOND,EQ,N,2020101,286.38
EMKAY,EQ,N,2020101,45.54
MAHESHWARI,EQ,N,2020101,192.12
KAJARIACER,EQ,N,2020101,438.48
523248,EQ,N,2020101,52.80
ORIENTELEC,EQ,N,2020101,226.50
DBL,EQ,N,2020101,343.86
HIMATSEIDE,EQ,N,2020101,55.98
DAAWAT,EQ,N,2020101,31.26
CENTRUM,EQ,N,2020101,14.39
504786,EQ,N,2020101,162.60
EIDPARRY,EQ,N,2020101,255.42
NFL,EQ,N,2020101,32.16
JMCPROJECT,EQ,N,2020101,54.30
NBVENTURES,EQ,N,2020101,52.08
IDBI,EQ,N,2020101,34.80
GSPL,EQ,N,2020101,254.22
SRTRANSFIN,EQ,N,2020101,703.26
FLUOROCHEM,EQ,N,2020101,359.58
RTNINFRA,EQ,N,2020101,2.28
ONGC,EQ,N,2020101,101.16
SANGINITA,EQ,N,2020101,97.14
AMARAJABAT,EQ,N,2020101,798.18
HINDMOTORS,EQ,N,2020101,7.14
GODREJPROP,EQ,N,2020101,919.86
KMSUGAR,EQ,N,2020101,8.46
PAGEIND,EQ,N,2020101,24477.60
NAUKRI,EQ,N,2020101,3123.06
WIPRO,EQ,N,2020101,259.02
HCLTECH,EQ,N,2020101,672.24
522215,EQ,N,2020101,921.36
IBULHSGFIN,EQ,N,2020101,152.16
EDELWEISS,EQ,N,2020101,56.04
530185,EQ,N,2020101,2.59
ADANIGAS,EQ,N,2020101,148.92
526931,EQ,N,2020101,30.30
NIITLTD,EQ,N,2020101,110.16
DALMIASUG,EQ,N,2020101,83.82
KIRIINDUS,EQ,N,2020101,395.94
AVTNPL,EQ,N,2020101,46.20
IRB,EQ,N,2020101,79.02
PGHL,EQ,N,2020101,5181.90
EICHERMOT,EQ,N,2020101,20875.92
VMART,EQ,N,2020101,1979.52
CANBK,EQ,N,2020101,110.58
HDFCLIFE,EQ,N,2020101,599.64
AJANTPHARM,EQ,N,2020101,1732.98
BIOCON,EQ,N,2020101,459.24
EIHAHOTELS,EQ,N,2020101,289.80
KAMATHOTEL,EQ,N,2020101,29.16
ACC,EQ,N,2020101,1544.58
GTNTEX,EQ,N,2020101,6.30
BHARATFORG,EQ,N,2020101,400.62
SBILIFE,EQ,N,2020101,935.40
RENUKA,EQ,N,2020101,6.60
TATAPOWER,EQ,N,2020101,51.06
MANXT50,EQ,N,2020101,294.96
KEI,EQ,N,2020101,369.18
METROPOLIS,EQ,N,2020101,1726.08
COLPAL,EQ,N,2020101,1503.21
RITES,EQ,N,2020101,291.90
GOKEX,EQ,N,2020101,41.28
DALBHARAT,EQ,N,2020101,678.54
HEG,EQ,N,2020101,1007.70
INDIAMART,EQ,N,2020101,2960.34
DCAL,EQ,N,2020101,80.34
505036,EQ,N,2020101,396.42
HINDCOPPER,EQ,N,2020101,34.62
CREATIVE,EQ,N,2020101,86.34
OFSS,EQ,N,2020101,3090.30
PLASTIBLEN,EQ,N,2020101,190.02
MARUTI,EQ,N,2020101,6828.06
V2RETAIL,EQ,N,2020101,70.14
LINCOLN,EQ,N,2020101,195.42
IOC,EQ,N,2020101,102.96
ALOKINDS,EQ,N,2020101,24.36
MAYURUNIQ,EQ,N,2020101,189.66
SUBROS,EQ,N,2020101,209.58
BATAINDIA,EQ,N,2020101,1719.72
DSSL,EQ,N,2020101,20.22
INDUSINDBK,EQ,N,2020101,521.64
FINCABLES,EQ,N,2020101,281.16
TATAMTRDVR,EQ,N,2020101,50.40
NAGAFERT,EQ,N,2020101,6.31
SYMPHONY,EQ,N,2020101,1078.56
MANALIPETC,EQ,N,2020101,19.13
MOTILALOFS,EQ,N,2020101,660.30
500267,EQ,N,2020101,93.72
526169,EQ,N,2020101,128.22
CESC,EQ,N,2020101,738.24
IBVENTURES,EQ,N,2020101,90.36
TIRUMALCHM,EQ,N,2020101,52.92
VSTIND,EQ,N,2020101,3980.34
RCF,EQ,N,2020101,53.70
CEATLTD,EQ,N,2020101,1065.72
AROGRANITE,EQ,N,2020101,27.42
AXISBANK,EQ,N,2020101,492.12
RBL,EQ,N,2020101,542.22
PRESSMN,EQ,N,2020101,19.38
PIIND,EQ,N,2020101,1869.00
GATI,EQ,N,2020101,50.82
LT,EQ,N,2020101,1134.54
GILLETTE,EQ,N,2020101,6030.54
FORCEMOT,EQ,N,2020101,1061.70
GIPCL,EQ,N,2020101,69.84
IBREALEST,EQ,N,2020101,53.10
PIDILITIND,EQ,N,2020101,1788.96
SIRCA,EQ,N,2020101,232.14
HOVS,EQ,N,2020101,46.26
POLYCAB,EQ,N,2020101,898.80
GAIL,EQ,N,2020101,115.86
INFY,EQ,N,2020101,849.72
ECLERX,EQ,N,2020101,492.66
532841,EQ,N,2020101,121.44
L&TFH,EQ,N,2020101,72.66
HINDPETRO,EQ,N,2020101,232.50
HEXAWARE,EQ,N,2020101,320.16
CIPLA,EQ,N,2020101,765.12
SUNCLAYLTD,EQ,N,2020101,1707.72
VINYLINDIA,EQ,N,2020101,121.14
531859,EQ,N,2020101,37.20
NAVINFLUOR,EQ,N,2020101,1927.74
WESTLIFE,EQ,N,2020101,359.16
532323,EQ,N,2020101,11.66
UNIPLY,EQ,N,2020101,6.66
IGL,EQ,N,2020101,567.42
ZENTEC,EQ,N,2020101,46.62
ESTER,EQ,N,2020101,37.32
WSTCSTPAPR,EQ,N,2020101,169.92
MANAPPURAM,EQ,N,2020101,159.60
JAICORPLTD,EQ,N,2020101,89.34
SASTASUNDR,EQ,N,2020101,84.60
JUBILANT,EQ,N,2020101,584.94
CONFIPET,EQ,N,2020101,22.86
TALBROAUTO,EQ,N,2020101,114.12
SHIVATEX,EQ,N,2020101,96.30
HINDUNILVR,EQ,N,2020101,2528.88
TCS,EQ,N,2020101,2456.58
NMDC,EQ,N,2020101,102.42
BANDHANBNK,EQ,N,2020101,288.78
TATACOMM,EQ,N,2020101,572.22
MAANALU,EQ,N,2020101,55.02
COALINDIA,EQ,N,2020101,172.08
ASIANPAINT,EQ,N,2020101,2051.16
CGCL,EQ,N,2020101,173.16
TITAN,EQ,N,2020101,1171.38
DELTACORP,EQ,N,2020101,112.56
ICICIGI,EQ,N,2020101,1553.52
UBL,EQ,N,2020101,1159.02
BERGEPAINT,EQ,N,2020101,603.30
CGPOWER,EQ,N,2020101,7.92
MCX,EQ,N,2020101,1558.92
PSPPROJECT,EQ,N,2020101,418.20
GODREJIND,EQ,N,2020101,393.06
SMSLIFE,EQ,N,2020101,324.24
SKFINDIA,EQ,N,2020101,1741.56
RPOWER,EQ,N,2020101,2.53
SORILINFRA,EQ,N,2020101,57.24
21STCENMGM,EQ,N,2020101,13.24
3IINFOTECH,EQ,N,2020101,2.04
3MINDIA,EQ,N,2020101,21562.62
500009,EQ,N,2020101,19.86
500012,EQ,N,2020101,28.14
500014,EQ,N,2020101,1.02
500068,EQ,N,2020101,4232.40
500069,EQ,N,2020101,60.84
500120,EQ,N,2020101,230.28
500123,EQ,N,2020101,2757.48
500143,EQ,N,2020101,25.80
500147,EQ,N,2020101,562.80
500153,EQ,N,2020101,39.48
500159,EQ,N,2020101,49.68
500166,EQ,N,2020101,183.12
500168,EQ,N,2020101,860.88
500211,EQ,N,2020101,10.46
500213,EQ,N,2020101,54.48
500214,EQ,N,2020101,804.78
500220,EQ,N,2020101,26.16
500239,EQ,N,2020101,22.50
500264,EQ,N,2020101,95.70
500298,EQ,N,2020101,2173.98
500306,EQ,N,2020101,3.61
500307,EQ,N,2020101,267.72
500319,EQ,N,2020101,21.66
500329,EQ,N,2020101,0.37
500333,EQ,N,2020101,125.82
500346,EQ,N,2020101,17.10
500360,EQ,N,2020101,28.98
500367,EQ,N,2020101,33.48
500414,EQ,N,2020101,26.46
500422,EQ,N,2020101,11.71
500449,EQ,N,2020101,14.74
500456,EQ,N,2020101,9.24
500655,EQ,N,2020101,196.14
500672,EQ,N,2020101,699.24
501298,EQ,N,2020101,1025.94
501314,EQ,N,2020101,8.06
501370,EQ,N,2020101,52.44
501423,EQ,N,2020101,318.90
501700,EQ,N,2020101,30.72
501831,EQ,N,2020101,266.04
502015,EQ,N,2020101,10.32
502175,EQ,N,2020101,47.88
502587,EQ,N,2020101,69.30
502865,EQ,N,2020101,1148.88
502873,EQ,N,2020101,18.36
502901,EQ,N,2020101,1575.00
502933,EQ,N,2020101,18.84
502958,EQ,N,2020101,1737.90
503162,EQ,N,2020101,66.84
503349,EQ,N,2020101,1949.82
503657,EQ,N,2020101,7.33
503831,EQ,N,2020101,105.18
504000,EQ,N,2020101,38.10
504028,EQ,N,2020101,30.90
504076,EQ,N,2020101,8.38
504084,EQ,N,2020101,3251.58
504092,EQ,N,2020101,8.23
504093,EQ,N,2020101,153.60
504132,EQ,N,2020101,105.12
504176,EQ,N,2020101,265.74
504180,EQ,N,2020101,3.82
504240,EQ,N,2020101,30.06
504258,EQ,N,2020101,283.02
504273,EQ,N,2020101,15.90
504335,EQ,N,2020101,0.59
504340,EQ,N,2020101,0.74
504341,EQ,N,2020101,34.56
504605,EQ,N,2020101,454.62
504840,EQ,N,2020101,798.00
504908,EQ,N,2020101,118.32
504918,EQ,N,2020101,630.66
504959,EQ,N,2020101,2320.20
504961,EQ,N,2020101,41.88
505163,EQ,N,2020101,309.54
505216,EQ,N,2020101,642.00
505232,EQ,N,2020101,928.68
505283,EQ,N,2020101,123.30
505299,EQ,N,2020101,56.94
505302,EQ,N,2020101,36.00
505358,EQ,N,2020101,27.66
505523,EQ,N,2020101,0.20
505590,EQ,N,2020101,390.00
505681,EQ,N,2020101,266.04
505712,EQ,N,2020101,41.64
505725,EQ,N,2020101,98.04
505729,EQ,N,2020101,27.48
505737,EQ,N,2020101,125.40
505750,EQ,N,2020101,589.50
505827,EQ,N,2020101,145.20
505840,EQ,N,2020101,11.09
505850,EQ,N,2020101,43.20
505872,EQ,N,2020101,433.32
505978,EQ,N,2020101,803.82
506105,EQ,N,2020101,90.96
506122,EQ,N,2020101,42.00
506128,EQ,N,2020101,22.80
506248,EQ,N,2020101,34.32
506260,EQ,N,2020101,249.66
506261,EQ,N,2020101,33.12
506405,EQ,N,2020101,90.48
506414,EQ,N,2020101,295.14
506520,EQ,N,2020101,4.09
506522,EQ,N,2020101,2046.00
506528,EQ,N,2020101,648.24
506530,EQ,N,2020101,433.26
506597,EQ,N,2020101,154.08
506642,EQ,N,2020101,38.82
506685,EQ,N,2020101,210.90
506687,EQ,N,2020101,2088.12
506734,EQ,N,2020101,48.90
506852,EQ,N,2020101,41.64
506854,EQ,N,2020101,175.02
506879,EQ,N,2020101,209.34
506910,EQ,N,2020101,40.80
506919,EQ,N,2020101,49.20
506981,EQ,N,2020101,108.84
507180,EQ,N,2020101,31.86
507474,EQ,N,2020101,54.48
507552,EQ,N,2020101,57.78
507598,EQ,N,2020101,35.28
507621,EQ,N,2020101,485.10
507645,EQ,N,2020101,8544.78
507690,EQ,N,2020101,64.80
507753,EQ,N,2020101,20.64
507779,EQ,N,2020101,59.34
507794,EQ,N,2020101,8.56
507836,EQ,N,2020101,271.20
507864,EQ,N,2020101,30.00
507910,EQ,N,2020101,20.16
507912,EQ,N,2020101,75.60
507944,EQ,N,2020101,105.18
507960,EQ,N,2020101,94.92
507970,EQ,N,2020101,11.90
507981,EQ,N,2020101,24.96
507998,EQ,N,2020101,34.20
508136,EQ,N,2020101,131.46
508486,EQ,N,2020101,5019.90
508494,EQ,N,2020101,45.60
508664,EQ,N,2020101,8.09
508807,EQ,N,2020101,357.54
508875,EQ,N,2020101,67.98
508922,EQ,N,2020101,10.32
508941,EQ,N,2020101,368.88
508969,EQ,N,2020101,0.53
509048,EQ,N,2020101,2.76
509053,EQ,N,2020101,0.68
509162,EQ,N,2020101,73.32
509196,EQ,N,2020101,31.44
509472,EQ,N,2020101,300.00
509486,EQ,N,2020101,46.14
509525,EQ,N,2020101,636.72
509563,EQ,N,2020101,1.96
509597,EQ,N,2020101,204.00
509709,EQ,N,2020101,26.10
509895,EQ,N,2020101,240.00
510245,EQ,N,2020101,3.54
511066,EQ,N,2020101,15.72
511076,EQ,N,2020101,23.82
511110,EQ,N,2020101,2.81
511116,EQ,N,2020101,0.23
511131,EQ,N,2020101,5.04
511147,EQ,N,2020101,17.64
511391,EQ,N,2020101,8.98
511451,EQ,N,2020101,5.56
511463,EQ,N,2020101,13.58
511501,EQ,N,2020101,15.31
511509,EQ,N,2020101,34.44
511523,EQ,N,2020101,7.14
511533,EQ,N,2020101,31.20
511551,EQ,N,2020101,20.52
511557,EQ,N,2020101,23.10
511571,EQ,N,2020101,23.76
511589,EQ,N,2020101,10.20
511605,EQ,N,2020101,41.22
511628,EQ,N,2020101,27.00
511658,EQ,N,2020101,20.46
511672,EQ,N,2020101,19.32
511716,EQ,N,2020101,2.02
511724,EQ,N,2020101,35.04
511736,EQ,N,2020101,0.25
511742,EQ,N,2020101,169.20
511764,EQ,N,2020101,17.58
511768,EQ,N,2020101,15.12
512018,EQ,N,2020101,2.08
512020,EQ,N,2020101,348.54
512093,EQ,N,2020101,0.68
512149,EQ,N,2020101,0.23
512217,EQ,N,2020101,16.24
512247,EQ,N,2020101,2.42
512257,EQ,N,2020101,3.19
512267,EQ,N,2020101,4.25
512301,EQ,N,2020101,2.46
512379,EQ,N,2020101,0.23
512393,EQ,N,2020101,42.00
512425,EQ,N,2020101,289.20
512437,EQ,N,2020101,220.68
512453,EQ,N,2020101,206.40
512455,EQ,N,2020101,9.17
512463,EQ,N,2020101,1.49
512477,EQ,N,2020101,12.00
512493,EQ,N,2020101,31.62
512499,EQ,N,2020101,0.59
512527,EQ,N,2020101,255.36
512589,EQ,N,2020101,9.56
512634,EQ,N,2020101,41.34
513043,EQ,N,2020101,20.22
513059,EQ,N,2020101,5.11
513097,EQ,N,2020101,38.70
513117,EQ,N,2020101,1.20
513142,EQ,N,2020101,11.96
513252,EQ,N,2020101,652.20
513305,EQ,N,2020101,3.96
513353,EQ,N,2020101,133.26
513361,EQ,N,2020101,0.36
513369,EQ,N,2020101,23.58
513401,EQ,N,2020101,7.94
513418,EQ,N,2020101,0.80
513511,EQ,N,2020101,25.38
513517,EQ,N,2020101,96.18
513532,EQ,N,2020101,40.38
513536,EQ,N,2020101,12.90
513693,EQ,N,2020101,34.86
513709,EQ,N,2020101,48.36
513713,EQ,N,2020101,6.14
514010,EQ,N,2020101,1.38
514036,EQ,N,2020101,207.66
514087,EQ,N,2020101,40.20
514165,EQ,N,2020101,9.18
514183,EQ,N,2020101,167.88
514215,EQ,N,2020101,64.50
514266,EQ,N,2020101,38.04
514302,EQ,N,2020101,43.98
514394,EQ,N,2020101,60.06
514428,EQ,N,2020101,80.10
514442,EQ,N,2020101,11.87
514448,EQ,N,2020101,140.40
514450,EQ,N,2020101,30.48
514470,EQ,N,2020101,15.66
515043,EQ,N,2020101,51.78
515085,EQ,N,2020101,2.22
515147,EQ,N,2020101,25.08
516003,EQ,N,2020101,36.72
516030,EQ,N,2020101,43.14
516108,EQ,N,2020101,65.94
517063,EQ,N,2020101,28.80
517166,EQ,N,2020101,4.82
517236,EQ,N,2020101,26.04
517356,EQ,N,2020101,0.30
517372,EQ,N,2020101,82.74
517415,EQ,N,2020101,1.03
517417,EQ,N,2020101,99.42
517429,EQ,N,2020101,39.72
517449,EQ,N,2020101,121.44
517477,EQ,N,2020101,105.24
517494,EQ,N,2020101,4.72
517500,EQ,N,2020101,112.62
517514,EQ,N,2020101,17.10
517546,EQ,N,2020101,13.68
517554,EQ,N,2020101,5.12
519216,EQ,N,2020101,33.48
519230,EQ,N,2020101,2.33
519287,EQ,N,2020101,5.74
519295,EQ,N,2020101,146.34
519359,EQ,N,2020101,38.94
519455,EQ,N,2020101,15.60
519457,EQ,N,2020101,17.64
519475,EQ,N,2020101,99.60
519491,EQ,N,2020101,26.94
519566,EQ,N,2020101,34.32
519612,EQ,N,2020101,17.70
520073,EQ,N,2020101,87.06
520075,EQ,N,2020101,113.64
520127,EQ,N,2020101,6.89
520141,EQ,N,2020101,11.29
521097,EQ,N,2020101,63.42
521113,EQ,N,2020101,11.64
521222,EQ,N,2020101,6.84
521226,EQ,N,2020101,7.12
521234,EQ,N,2020101,12.41
522001,EQ,N,2020101,8.41
522004,EQ,N,2020101,8.08
522005,EQ,N,2020101,39.36
522014,EQ,N,2020101,129.60
522017,EQ,N,2020101,73.26
522027,EQ,N,2020101,2.66
522101,EQ,N,2020101,16.81
522105,EQ,N,2020101,6.28
522108,EQ,N,2020101,475.20
522122,EQ,N,2020101,1233.24
522134,EQ,N,2020101,28.86
522152,EQ,N,2020101,22.38
522165,EQ,N,2020101,8.62
522183,EQ,N,2020101,57.42
522195,EQ,N,2020101,257.94
522207,EQ,N,2020101,43.68
522229,EQ,N,2020101,31.32
522231,EQ,N,2020101,22.56
522251,EQ,N,2020101,33.60
522257,EQ,N,2020101,9.26
522281,EQ,N,2020101,70.32
522292,EQ,N,2020101,30.00
522294,EQ,N,2020101,85.62
523007,EQ,N,2020101,27.00
523023,EQ,N,2020101,200.22
523100,EQ,N,2020101,4.40
523116,EQ,N,2020101,134.40
523120,EQ,N,2020101,36.00
523144,EQ,N,2020101,11.89
523160,EQ,N,2020101,1964.64
523229,EQ,N,2020101,55.26
523277,EQ,N,2020101,0.31
523323,EQ,N,2020101,783.54
523329,EQ,N,2020101,1049.40
523369,EQ,N,2020101,132.00
523411,EQ,N,2020101,156.00
523449,EQ,N,2020101,16.27
523465,EQ,N,2020101,20.76
523475,EQ,N,2020101,15.12
523483,EQ,N,2020101,99.60
523537,EQ,N,2020101,19.13
523550,EQ,N,2020101,9.00
523586,EQ,N,2020101,82.14
523594,EQ,N,2020101,4.49
523606,EQ,N,2020101,208.20
523638,EQ,N,2020101,49.14
523672,EQ,N,2020101,45.90
523696,EQ,N,2020101,51.60
523722,EQ,N,2020101,0.36
523732,EQ,N,2020101,4.70
523752,EQ,N,2020101,1.86
523782,EQ,N,2020101,42.54
523832,EQ,N,2020101,1.07
523840,EQ,N,2020101,10.13
523850,EQ,N,2020101,122.58
523874,EQ,N,2020101,0.23
524013,EQ,N,2020101,7.09
524037,EQ,N,2020101,40.38
524038,EQ,N,2020101,1.26
524091,EQ,N,2020101,82.80
524136,EQ,N,2020101,103.80
524174,EQ,N,2020101,5.23
524202,EQ,N,2020101,22.32
524218,EQ,N,2020101,53.28
524288,EQ,N,2020101,74.94
524314,EQ,N,2020101,10.26
524332,EQ,N,2020101,44.40
524336,EQ,N,2020101,20.76
524342,EQ,N,2020101,244.62
524400,EQ,N,2020101,17.88
524412,EQ,N,2020101,21.90
524414,EQ,N,2020101,3.00
524440,EQ,N,2020101,14.88
524444,EQ,N,2020101,103.14
524470,EQ,N,2020101,1.09
524480,EQ,N,2020101,309.96
524506,EQ,N,2020101,219.12
524520,EQ,N,2020101,21.12
524522,EQ,N,2020101,15.84
524542,EQ,N,2020101,188.10
524576,EQ,N,2020101,13.55
524580,EQ,N,2020101,10.07
524594,EQ,N,2020101,26.28
524632,EQ,N,2020101,42.24
524634,EQ,N,2020101,118.86
524654,EQ,N,2020101,60.18
524687,EQ,N,2020101,4.09
524703,EQ,N,2020101,17.69
524711,EQ,N,2020101,15.20
524717,EQ,N,2020101,79.26
524727,EQ,N,2020101,12.60
524731,EQ,N,2020101,460.32
524752,EQ,N,2020101,24.48
524758,EQ,N,2020101,216.00
524764,EQ,N,2020101,7.31
524768,EQ,N,2020101,13.19
524774,EQ,N,2020101,456.90
524790,EQ,N,2020101,111.78
524808,EQ,N,2020101,33.12
524818,EQ,N,2020101,52.92
526043,EQ,N,2020101,27.60
526117,EQ,N,2020101,364.08
526133,EQ,N,2020101,1.80
526137,EQ,N,2020101,21.24
526159,EQ,N,2020101,116.76
526173,EQ,N,2020101,12.20
526179,EQ,N,2020101,89.82
526365,EQ,N,2020101,7.20
526407,EQ,N,2020101,11.15
526409,EQ,N,2020101,17.57
526423,EQ,N,2020101,19.14
526433,EQ,N,2020101,74.70
526441,EQ,N,2020101,0.90
526479,EQ,N,2020101,30.00
526492,EQ,N,2020101,32.10
526519,EQ,N,2020101,9.65
526544,EQ,N,2020101,23.10
526546,EQ,N,2020101,12.00
526586,EQ,N,2020101,393.66
526614,EQ,N,2020101,3.43
526616,EQ,N,2020101,23.88
526703,EQ,N,2020101,89.22
526723,EQ,N,2020101,31.50
526727,EQ,N,2020101,10.24
526731,EQ,N,2020101,68.94
526737,EQ,N,2020101,3.42
526739,EQ,N,2020101,163.80
526747,EQ,N,2020101,75.66
526755,EQ,N,2020101,4.19
526783,EQ,N,2020101,270.00
526817,EQ,N,2020101,691.02
526821,EQ,N,2020101,247.56
526851,EQ,N,2020101,50.52
526853,EQ,N,2020101,32.46
526861,EQ,N,2020101,7.18
526871,EQ,N,2020101,19.20
526899,EQ,N,2020101,9.71
526905,EQ,N,2020101,5.62
526951,EQ,N,2020101,292.62
526957,EQ,N,2020101,4.48
526981,EQ,N,2020101,22.80
530043,EQ,N,2020101,77.70
530045,EQ,N,2020101,4.03
530067,EQ,N,2020101,246.96
530077,EQ,N,2020101,68.04
530079,EQ,N,2020101,32.82
530125,EQ,N,2020101,91.86
530127,EQ,N,2020101,8.70
530129,EQ,N,2020101,232.98
530131,EQ,N,2020101,11.77
530133,EQ,N,2020101,24.72
530145,EQ,N,2020101,8.38
530151,EQ,N,2020101,17.05
530163,EQ,N,2020101,61.74
530175,EQ,N,2020101,22.38
530177,EQ,N,2020101,13.20
530201,EQ,N,2020101,9.71
530215,EQ,N,2020101,25.20
530233,EQ,N,2020101,47.70
530305,EQ,N,2020101,9.46
530307,EQ,N,2020101,49.14
530309,EQ,N,2020101,18.24
530313,EQ,N,2020101,27.00
530315,EQ,N,2020101,42.90
530317,EQ,N,2020101,19.50
530331,EQ,N,2020101,83.76
530341,EQ,N,2020101,163.08
530419,EQ,N,2020101,17.40
530431,EQ,N,2020101,37.92
530433,EQ,N,2020101,19.20
530459,EQ,N,2020101,17.64
530461,EQ,N,2020101,4.20
530475,EQ,N,2020101,15.48
530477,EQ,N,2020101,94.74
530499,EQ,N,2020101,240.18
530533,EQ,N,2020101,36.72
530545,EQ,N,2020101,87.60
530557,EQ,N,2020101,0.35
530579,EQ,N,2020101,1.81
530585,EQ,N,2020101,88.74
530589,EQ,N,2020101,42.30
530595,EQ,N,2020101,9.54
530609,EQ,N,2020101,4.92
530621,EQ,N,2020101,17.40
530627,EQ,N,2020101,110.46
530643,EQ,N,2020101,34.62
530677,EQ,N,2020101,14.00
530689,EQ,N,2020101,21.48
530695,EQ,N,2020101,10.24
530697,EQ,N,2020101,29.88
530711,EQ,N,2020101,19.84
530733,EQ,N,2020101,21.60
530789,EQ,N,2020101,73.38
530809,EQ,N,2020101,22.68
530815,EQ,N,2020101,23.64
530825,EQ,N,2020101,24.66
530829,EQ,N,2020101,11.38
530845,EQ,N,2020101,105.84
530879,EQ,N,2020101,126.12
530883,EQ,N,2020101,13.40
530897,EQ,N,2020101,54.90
530951,EQ,N,2020101,13.80
530953,EQ,N,2020101,31.92
530959,EQ,N,2020101,10.38
530977,EQ,N,2020101,30.96
530979,EQ,N,2020101,36.78
530991,EQ,N,2020101,9.59
531041,EQ,N,2020101,128.76
531067,EQ,N,2020101,6.60
531083,EQ,N,2020101,6.05
531109,EQ,N,2020101,28.38
531129,EQ,N,2020101,7.92
531146,EQ,N,2020101,308.04
531161,EQ,N,2020101,51.00
531163,EQ,N,2020101,54.60
531199,EQ,N,2020101,41.04
531201,EQ,N,2020101,112.32
531203,EQ,N,2020101,66.96
531215,EQ,N,2020101,23.22
531216,EQ,N,2020101,5.95
531223,EQ,N,2020101,14.16
531233,EQ,N,2020101,2.46
531234,EQ,N,2020101,82.14
531253,EQ,N,2020101,112.38
531254,EQ,N,2020101,24.06
531273,EQ,N,2020101,11.64
531278,EQ,N,2020101,34.20
531287,EQ,N,2020101,35.34
531289,EQ,N,2020101,33.90
531297,EQ,N,2020101,32.70
531306,EQ,N,2020101,398.70
531307,EQ,N,2020101,1.44
531343,EQ,N,2020101,3.19
531346,EQ,N,2020101,24.60
531358,EQ,N,2020101,126.96
531359,EQ,N,2020101,69.66
531370,EQ,N,2020101,5.51
531390,EQ,N,2020101,10.45
531398,EQ,N,2020101,58.32
531416,EQ,N,2020101,21.06
531437,EQ,N,2020101,24.78
531449,EQ,N,2020101,192.54
531454,EQ,N,2020101,10.79
531471,EQ,N,2020101,6.00
531489,EQ,N,2020101,36.00
531494,EQ,N,2020101,9.60
531499,EQ,N,2020101,1.51
531525,EQ,N,2020101,16.14
531539,EQ,N,2020101,23.46
531540,EQ,N,2020101,22.80
531569,EQ,N,2020101,8.06
531578,EQ,N,2020101,1.98
531583,EQ,N,2020101,2.52
531626,EQ,N,2020101,2.40
531637,EQ,N,2020101,22.68
531667,EQ,N,2020101,33.42
531688,EQ,N,2020101,23.04
531694,EQ,N,2020101,12.58
531719,EQ,N,2020101,310.26
531726,EQ,N,2020101,60.00
531727,EQ,N,2020101,16.03
531737,EQ,N,2020101,0.60
531739,EQ,N,2020101,3.49
531778,EQ,N,2020101,1.45
531802,EQ,N,2020101,23.58
531822,EQ,N,2020101,111.00
531842,EQ,N,2020101,10.20
531847,EQ,N,2020101,772.20
531861,EQ,N,2020101,17.26
531862,EQ,N,2020101,187.14
531869,EQ,N,2020101,19.90
531888,EQ,N,2020101,23.58
531893,EQ,N,2020101,0.68
531900,EQ,N,2020101,3.70
531950,EQ,N,2020101,0.91
531952,EQ,N,2020101,55.62
531977,EQ,N,2020101,3.71
531979,EQ,N,2020101,45.12
532011,EQ,N,2020101,17.62
532035,EQ,N,2020101,1.50
532039,EQ,N,2020101,22.68
532041,EQ,N,2020101,1.20
532053,EQ,N,2020101,19.08
532067,EQ,N,2020101,173.04
532092,EQ,N,2020101,11.12
532124,EQ,N,2020101,11.24
532140,EQ,N,2020101,9.76
532145,EQ,N,2020101,5.66
532159,EQ,N,2020101,92.40
532183,EQ,N,2020101,0.92
532271,EQ,N,2020101,1.46
532284,EQ,N,2020101,21.18
532329,EQ,N,2020101,54.85
532330,EQ,N,2020101,2.83
532333,EQ,N,2020101,14.60
532334,EQ,N,2020101,8.35
532340,EQ,N,2020101,2.22
532344,EQ,N,2020101,41.58
532372,EQ,N,2020101,32.04
532373,EQ,N,2020101,17.71
532378,EQ,N,2020101,0.98
532379,EQ,N,2020101,2.05
532380,EQ,N,2020101,4.32
532384,EQ,N,2020101,134.28
532404,EQ,N,2020101,14.70
532406,EQ,N,2020101,259.50
532407,EQ,N,2020101,13.90
532410,EQ,N,2020101,8.64
532435,EQ,N,2020101,108.66
532444,EQ,N,2020101,0.41
532467,EQ,N,2020101,0.58
532468,EQ,N,2020101,5308.68
532485,EQ,N,2020101,396.54
532503,EQ,N,2020101,720.00
532626,EQ,N,2020101,191.82
532656,EQ,N,2020101,1.58
532742,EQ,N,2020101,2322.18
532745,EQ,N,2020101,24.72
532829,EQ,N,2020101,20.70
532855,EQ,N,2020101,29.40
532879,EQ,N,2020101,41.34
532893,EQ,N,2020101,22.14
532911,EQ,N,2020101,21.66
532933,EQ,N,2020101,14.28
532986,EQ,N,2020101,61.32
533033,EQ,N,2020101,292.02
533056,EQ,N,2020101,23.88
533095,EQ,N,2020101,1463.94
533101,EQ,N,2020101,49.80
533108,EQ,N,2020101,5.39
533110,EQ,N,2020101,4.08
533149,EQ,N,2020101,1.69
533167,EQ,N,2020101,21.60
533170,EQ,N,2020101,34.80
533202,EQ,N,2020101,1.08
533210,EQ,N,2020101,25.74
533212,EQ,N,2020101,86.40
533213,EQ,N,2020101,30.90
533289,EQ,N,2020101,28.92
533315,EQ,N,2020101,6.30
533477,EQ,N,2020101,225.72
533608,EQ,N,2020101,38.94
534338,EQ,N,2020101,13.56
534535,EQ,N,2020101,2.28
534600,EQ,N,2020101,95.88
534612,EQ,N,2020101,9.11
534623,EQ,N,2020101,29.04
534680,EQ,N,2020101,56.82
534691,EQ,N,2020101,2.22
534755,EQ,N,2020101,47.94
535204,EQ,N,2020101,3.83
535620,EQ,N,2020101,38.70
535621,EQ,N,2020101,47.88
535730,EQ,N,2020101,0.23
536264,EQ,N,2020101,45.72
536493,EQ,N,2020101,516.12
536659,EQ,N,2020101,4.79
536751,EQ,N,2020101,0.29
536974,EQ,N,2020101,31.38
537069,EQ,N,2020101,33.42
537253,EQ,N,2020101,22.20
537524,EQ,N,2020101,1.78
537536,EQ,N,2020101,42.48
537750,EQ,N,2020101,63.66
537800,EQ,N,2020101,0.32
538019,EQ,N,2020101,6.72
538092,EQ,N,2020101,100.80
538212,EQ,N,2020101,0.28
538464,EQ,N,2020101,0.43
538476,EQ,N,2020101,4.27
538521,EQ,N,2020101,20.94
538539,EQ,N,2020101,0.24
538540,EQ,N,2020101,0.23
538557,EQ,N,2020101,1.60
538564,EQ,N,2020101,81.66
538566,EQ,N,2020101,419.34
538597,EQ,N,2020101,0.53
538634,EQ,N,2020101,41.94
538653,EQ,N,2020101,0.23
538706,EQ,N,2020101,58.56
538707,EQ,N,2020101,22.38
538713,EQ,N,2020101,28.68
538715,EQ,N,2020101,31.08
538772,EQ,N,2020101,30.78
538787,EQ,N,2020101,2.56
538795,EQ,N,2020101,184.74
538837,EQ,N,2020101,23.94
538860,EQ,N,2020101,0.23
538882,EQ,N,2020101,14.98
538890,EQ,N,2020101,19.20
538891,EQ,N,2020101,39.36
538896,EQ,N,2020101,262.86
538922,EQ,N,2020101,20.40
538964,EQ,N,2020101,547.86
538987,EQ,N,2020101,100.56
539006,EQ,N,2020101,406.80
539017,EQ,N,2020101,55.38
539018,EQ,N,2020101,198.00
539032,EQ,N,2020101,2.82
539040,EQ,N,2020101,0.73
539042,EQ,N,2020101,50.40
539113,EQ,N,2020101,966.00
539122,EQ,N,2020101,40.32
539132,EQ,N,2020101,4.80
539148,EQ,N,2020101,298.38
539149,EQ,N,2020101,1.72
539151,EQ,N,2020101,32.64
539177,EQ,N,2020101,93.66
539195,EQ,N,2020101,21.42
539219,EQ,N,2020101,19.08
539228,EQ,N,2020101,54.42
539235,EQ,N,2020101,306.00
539255,EQ,N,2020101,81.60
539278,EQ,N,2020101,0.44
539310,EQ,N,2020101,34.08
539353,EQ,N,2020101,126.00
539354,EQ,N,2020101,82.02
539359,EQ,N,2020101,92.76
539407,EQ,N,2020101,71.22
539408,EQ,N,2020101,0.65
539479,EQ,N,2020101,27.30
539515,EQ,N,2020101,468.00
539518,EQ,N,2020101,82.74
539526,EQ,N,2020101,1.37
539527,EQ,N,2020101,300.00
539544,EQ,N,2020101,3.16
539545,EQ,N,2020101,17.34
539546,EQ,N,2020101,12.96
539562,EQ,N,2020101,46.62
539594,EQ,N,2020101,8.46
539620,EQ,N,2020101,12.71
539621,EQ,N,2020101,17.64
539660,EQ,N,2020101,332.46
539686,EQ,N,2020101,93.60
539730,EQ,N,2020101,209.58
539770,EQ,N,2020101,4.63
539798,EQ,N,2020101,8.74
539833,EQ,N,2020101,1.08
539841,EQ,N,2020101,31.44
539872,EQ,N,2020101,305.22
539894,EQ,N,2020101,27.06
539939,EQ,N,2020101,88.14
539956,EQ,N,2020101,144.00
539963,EQ,N,2020101,87.24
539984,EQ,N,2020101,581.76
539986,EQ,N,2020101,60.24
540006,EQ,N,2020101,71.34
540023,EQ,N,2020101,12.18
540078,EQ,N,2020101,115.95
540108,EQ,N,2020101,27.00
540134,EQ,N,2020101,9.00
540135,EQ,N,2020101,0.30
540143,EQ,N,2020101,46.50
540147,EQ,N,2020101,27.00
540175,EQ,N,2020101,32.70
540192,EQ,N,2020101,4.46
540198,EQ,N,2020101,37.74
540254,EQ,N,2020101,18.54
540259,EQ,N,2020101,39.36
540360,EQ,N,2020101,108.18
540401,EQ,N,2020101,83.40
540545,EQ,N,2020101,74.16
540615,EQ,N,2020101,17.02
540686,EQ,N,2020101,121.20
540697,EQ,N,2020101,9.56
540703,EQ,N,2020101,17.24
540725,EQ,N,2020101,72.30
540728,EQ,N,2020101,132.00
540730,EQ,N,2020101,50.40
540904,EQ,N,2020101,34.68
540954,EQ,N,2020101,31.92
541005,EQ,N,2020101,37.02
541400,EQ,N,2020101,85.44
541627,EQ,N,2020101,23.04
541741,EQ,N,2020101,15.55
542206,EQ,N,2020101,12.24
542351,EQ,N,2020101,486.72
542669,EQ,N,2020101,11.70
542670,EQ,N,2020101,136.80
542682,EQ,N,2020101,25.20
542862,EQ,N,2020101,56.52
590122,EQ,N,2020101,21.06
5PAISA,EQ,N,2020101,196.50
A2ZINFRA,EQ,N,2020101,5.38
AARTIDRUGS,EQ,N,2020101,1138.92
AARTIIND,EQ,N,2020101,1168.32
AARVEEDEN,EQ,N,2020101,14.77
AAVAS,EQ,N,2020101,1297.68
ABAN,EQ,N,2020101,22.92
ABB,EQ,N,2020101,989.88
ABBOTINDIA,EQ,N,2020101,20260.38
ABCAPITAL,EQ,N,2020101,61.38
ABFRL,EQ,N,2020101,156.84
ABSLBANETF,EQ,N,2020101,229.16
ABSLNN50ET,EQ,N,2020101,302.40
ACCELYA,EQ,N,2020101,1126.56
ACE,EQ,N,2020101,57.36
ADANIGREEN,EQ,N,2020101,328.44
ADANITRANS,EQ,N,2020101,224.88
ADHUNIKIND,EQ,N,2020101,24.12
ADORWELD,EQ,N,2020101,309.36
ADROITINFO,EQ,N,2020101,6.96
ADSL,EQ,N,2020101,20.10
ADVANIHOTR,EQ,N,2020101,49.56
ADVENZYMES,EQ,N,2020101,183.54
AEGISCHEM,EQ,N,2020101,218.16
AGARIND,EQ,N,2020101,63.60
AGCNET,EQ,N,2020101,311.82
AHLEAST,EQ,N,2020101,157.98
AHLWEST,EQ,N,2020101,273.54
AIONJSW,EQ,N,2020101,16.62
AIRAN,EQ,N,2020101,11.46
AJMERA,EQ,N,2020101,105.18
AKSHARCHEM,EQ,N,2020101,240.60
AKSHOPTFBR,EQ,N,2020101,5.77
AKZOINDIA,EQ,N,2020101,2265.96
ALANKIT,EQ,N,2020101,17.46
ALBERTDAVD,EQ,N,2020101,594.96
ALEMBICLTD,EQ,N,2020101,65.64
ALICON,EQ,N,2020101,276.84
ALKYLAMINE,EQ,N,2020101,2451.90
ALLCARGO,EQ,N,2020101,89.64
ALPA,EQ,N,2020101,22.32
ALPHAGEO,EQ,N,2020101,173.76
ALPSINDUS,EQ,N,2020101,0.96
AMBIKCO,EQ,N,2020101,779.22
AMBUJACEM,EQ,N,2020101,229.44
AMJLAND,EQ,N,2020101,17.76
AMRUTANJAN,EQ,N,2020101,437.82
ANANTRAJ,EQ,N,2020101,18.00
ANDHRACEMT,EQ,N,2020101,4.92
ANDHRAPAP,EQ,N,2020101,232.44
ANDHRSUGAR,EQ,N,2020101,269.10
ANIKINDS,EQ,N,2020101,12.58
ANKITMETAL,EQ,N,2020101,0.42
ANSALHSG,EQ,N,2020101,3.72
ANUP,EQ,N,2020101,386.22
APARINDS,EQ,N,2020101,379.26
APCL,EQ,N,2020101,157.92
APCOTEXIND,EQ,N,2020101,131.04
APLAPOLLO,EQ,N,2020101,1874.04
APLLTD,EQ,N,2020101,1020.54
APOLLOPIPE,EQ,N,2020101,373.80
APOLLOTYRE,EQ,N,2020101,124.74
APOLSINHOT,EQ,N,2020101,560.94
APTECHT,EQ,N,2020101,124.44
ARCHIDPLY,EQ,N,2020101,24.00
ARCHIES,EQ,N,2020101,13.14
ARENTERP,EQ,N,2020101,13.55
ARIES,EQ,N,2020101,79.68
ARIHANT,EQ,N,2020101,17.74
ARIHANTSUP,EQ,N,2020101,20.52
ARMANFIN,EQ,N,2020101,379.62
ARROWGREEN,EQ,N,2020101,41.76
ARSSINFRA,EQ,N,2020101,14.47
ARTEMISMED,EQ,N,2020101,199.98
ARVINDFASN,EQ,N,2020101,182.04
ARVSMART,EQ,N,2020101,88.86
ASAHIINDIA,EQ,N,2020101,208.44
ASAHISONG,EQ,N,2020101,124.86
ASAL,EQ,N,2020101,18.65
ASALCBR,EQ,N,2020101,270.72
ASHIANA,EQ,N,2020101,61.02
ASHIMASYN,EQ,N,2020101,5.76
ASHOKA,EQ,N,2020101,64.32
ASHOKLEY,EQ,N,2020101,57.24
ASIANHOTNR,EQ,N,2020101,62.76
ASIANTILES,EQ,N,2020101,157.74
ASPINWALL,EQ,N,2020101,123.96
ASTEC,EQ,N,2020101,858.48
ASTERDM,EQ,N,2020101,116.28
ASTRAMICRO,EQ,N,2020101,86.64
ASTRAZEN,EQ,N,2020101,3747.60
ASTRON,EQ,N,2020101,36.66
ATFL,EQ,N,2020101,619.92
ATLANTA,EQ,N,2020101,8.10
ATULAUTO,EQ,N,2020101,203.34
AUBANK,EQ,N,2020101,516.48
AURIONPRO,EQ,N,2020101,53.82
AUSOMENT,EQ,N,2020101,31.14
AUTOAXLES,EQ,N,2020101,590.52
AUTOLITIND,EQ,N,2020101,21.00
AVADHSUGAR,EQ,N,2020101,173.22
AVANTIFEED,EQ,N,2020101,555.42
AXISCADES,EQ,N,2020101,38.88
AXISGOLD,EQ,N,2020101,4918.90
AXISNIFTY,EQ,N,2020101,1252.01
AYMSYNTEX,EQ,N,2020101,18.96
BAGFILMS,EQ,N,2020101,2.08
BAJAJCON,EQ,N,2020101,175.26
BAJAJELEC,EQ,N,2020101,490.68
BAJAJHIND,EQ,N,2020101,5.58
BAJAJHLDNG,EQ,N,2020101,2625.90
BALAJITELE,EQ,N,2020101,74.82
BALAMINES,EQ,N,2020101,482.52
BALAXI,EQ,N,2020101,131.40
BALKRISHNA,EQ,N,2020101,13.97
BALKRISIND,EQ,N,2020101,1382.10
BALLARPUR,EQ,N,2020101,0.60
BALMLAWRIE,EQ,N,2020101,124.32
BALPHARMA,EQ,N,2020101,45.54
BALRAMCHIN,EQ,N,2020101,125.04
BANARISUG,EQ,N,2020101,1081.80
BANCOINDIA,EQ,N,2020101,79.68
BANG,EQ,N,2020101,17.76
BANKBEES,EQ,N,2020101,247.68
BANKINDIA,EQ,N,2020101,42.24
BANSWRAS,EQ,N,2020101,92.28
BASML,EQ,N,2020101,103.44
BBL,EQ,N,2020101,819.48
BBTC,EQ,N,2020101,1141.38
BCP,EQ,N,2020101,6.78
BDL,EQ,N,2020101,282.30
BEML,EQ,N,2020101,718.98
BEPL,EQ,N,2020101,45.72
BFINVEST,EQ,N,2020101,287.64
BGRENERGY,EQ,N,2020101,33.48
BHAGERIA,EQ,N,2020101,134.10
BHAGYAPROP,EQ,N,2020101,23.58
BHANDARI,EQ,N,2020101,1.02
BHARATGEAR,EQ,N,2020101,49.14
BHARATRAS,EQ,N,2020101,8222.22
BHARATWIRE,EQ,N,2020101,21.24
BHARTIARTL,EQ,N,2020101,669.72
BHEL,EQ,N,2020101,33.60
BIGBLOC,EQ,N,2020101,30.60
BILENERGY,EQ,N,2020101,0.95
BINDALAGRO,EQ,N,2020101,11.46
BIRLACABLE,EQ,N,2020101,49.98
BIRLACORPN,EQ,N,2020101,639.72
BKMINDST,EQ,N,2020101,0.84
BLBLIMITED,EQ,N,2020101,3.96
BLISSGVS,EQ,N,2020101,115.92
BLKASHYAP,EQ,N,2020101,4.93
BLS,EQ,N,2020101,46.56
BLUEDART,EQ,N,2020101,2493.12
BLUESTARCO,EQ,N,2020101,646.32
BODALCHEM,EQ,N,2020101,61.98
BOMDYEING,EQ,N,2020101,63.06
BORORENEW,EQ,N,2020101,48.78
BRFL,EQ,N,2020101,4.80
BRIGADE,EQ,N,2020101,135.00
BRNL,EQ,N,2020101,46.44
BSE,EQ,N,2020101,468.90
BSELINFRA,EQ,N,2020101,1.08
BSL,EQ,N,2020101,25.38
BSLGOLDETF,EQ,N,2020101,5187.48
BSLNIFTY,EQ,N,2020101,133.01
BSOFT,EQ,N,2020101,92.16
BURNPUR,EQ,N,2020101,1.21
BUTTERFLY,EQ,N,2020101,136.38
BYKE,EQ,N,2020101,14.22
CALSOFT,EQ,N,2020101,9.67
CAMLINFINE,EQ,N,2020101,52.32
CANFINHOME,EQ,N,2020101,366.24
CANTABIL,EQ,N,2020101,270.48
CAPACITE,EQ,N,2020101,101.28
CAPLIPOINT,EQ,N,2020101,398.70
CAPTRUST,EQ,N,2020101,78.48
CARBORUNIV,EQ,N,2020101,276.54
CAREERP,EQ,N,2020101,190.32
CASTROLIND,EQ,N,2020101,149.34
CCHHL,EQ,N,2020101,2.82
CCL,EQ,N,2020101,245.34
CEBBCO,EQ,N,2020101,10.90
CELEBRITY,EQ,N,2020101,5.16
CENTENKA,EQ,N,2020101,172.74
CENTEXT,EQ,N,2020101,3.19
CENTRALBK,EQ,N,2020101,17.82
CENTUM,EQ,N,2020101,299.04
CENTURYPLY,EQ,N,2020101,128.40
CENTURYTEX,EQ,N,2020101,374.28
CERA,EQ,N,2020101,2730.96
CESCVENT,EQ,N,2020101,171.42
CHALET,EQ,N,2020101,171.90
CHAMBLFERT,EQ,N,2020101,161.94
CHEMBOND,EQ,N,2020101,173.10
CHEMFAB,EQ,N,2020101,166.74
CHENNPETRO,EQ,N,2020101,67.74
CHOLAHLDNG,EQ,N,2020101,331.98
CHROMATIC,EQ,N,2020101,0.66
CIGNITITEC,EQ,N,2020101,358.92
CIMMCO,EQ,N,2020101,18.62
CINELINE,EQ,N,2020101,25.44
CINEVISTA,EQ,N,2020101,6.60
CLEDUCATE,EQ,N,2020101,45.24
CLNINDIA,EQ,N,2020101,429.96
CMICABLES,EQ,N,2020101,28.62
CNOVAPETRO,EQ,N,2020101,6.84
COCHINSHIP,EQ,N,2020101,275.82
COMPINFO,EQ,N,2020101,11.16
COMPUSOFT,EQ,N,2020101,10.74
CONSOFINVT,EQ,N,2020101,34.08
CONTROLPR,EQ,N,2020101,238.26
CORALFINAC,EQ,N,2020101,16.63
CORDSCABLE,EQ,N,2020101,38.70
COROMANDEL,EQ,N,2020101,768.24
COSMOFILMS,EQ,N,2020101,349.44
COUNCODOS,EQ,N,2020101,1.26
CPSEETF,EQ,N,2020101,20.99
CREATIVEYE,EQ,N,2020101,1.54
CREDITACC,EQ,N,2020101,514.80
CREST,EQ,N,2020101,70.26
CRISIL,EQ,N,2020101,1734.78
CROMPTON,EQ,N,2020101,289.14
CSBBANK,EQ,N,2020101,157.56
CTE,EQ,N,2020101,19.98
CUB,EQ,N,2020101,167.40
CUBEXTUB,EQ,N,2020101,13.24
CUMMINSIND,EQ,N,2020101,454.74
CUPID,EQ,N,2020101,199.56
CYBERTECH,EQ,N,2020101,51.90
DAMODARIND,EQ,N,2020101,24.72
DATAMATICS,EQ,N,2020101,60.48
DBREALTY,EQ,N,2020101,8.53
DCM,EQ,N,2020101,21.00
DCMNVL,EQ,N,2020101,30.96
DCMSHRIRAM,EQ,N,2020101,359.34
DCW,EQ,N,2020101,12.90
DECCANCE,EQ,N,2020101,290.76
DEEPAKFERT,EQ,N,2020101,124.62
DEEPAKNTR,EQ,N,2020101,598.92
DEEPIND,EQ,N,2020101,82.56
DELTAMAGNT,EQ,N,2020101,24.24
DEN,EQ,N,2020101,61.44
DENORA,EQ,N,2020101,228.00
DFMFOODS,EQ,N,2020101,257.22
DGCONTENT,EQ,N,2020101,6.24
DHAMPURSUG,EQ,N,2020101,123.54
DHANBANK,EQ,N,2020101,12.42
DHFL,EQ,N,2020101,14.46
DHUNINV,EQ,N,2020101,198.00
DIAMONDYD,EQ,N,2020101,720.90
DICIND,EQ,N,2020101,403.20
DIGISPICE,EQ,N,2020101,9.97
DISHTV,EQ,N,2020101,5.58
DLINKINDIA,EQ,N,2020101,95.94
DNAMEDIA,EQ,N,2020101,0.54
DOLAT,EQ,N,2020101,52.50
DOLLAR,EQ,N,2020101,140.34
DONEAR,EQ,N,2020101,31.56
DPSCLTD,EQ,N,2020101,9.18
DQE,EQ,N,2020101,1.32
DREDGECORP,EQ,N,2020101,274.38
DTIL,EQ,N,2020101,177.84
DVL,EQ,N,2020101,60.60
DWARKESH,EQ,N,2020101,22.20
DYNAMATECH,EQ,N,2020101,608.52
DYNPRO,EQ,N,2020101,136.20
EASTSILK,EQ,N,2020101,0.85
EBBETF0423,EQ,N,2020101,1262.33
EBBETF0430,EQ,N,2020101,1280.76
EBIXFOREX,EQ,N,2020101,479.58
EIMCOELECO,EQ,N,2020101,290.52
EKC,EQ,N,2020101,17.76
ELECON,EQ,N,2020101,25.68
ELECTCAST,EQ,N,2020101,12.13
ELECTHERM,EQ,N,2020101,129.96
ELGIEQUIP,EQ,N,2020101,174.00
ELGIRUBCO,EQ,N,2020101,17.46
EMAMILTD,EQ,N,2020101,230.94
EMAMIREAL,EQ,N,2020101,35.64
EMMBI,EQ,N,2020101,72.72
ENDURANCE,EQ,N,2020101,914.34
ENERGYDEV,EQ,N,2020101,6.84
ENGINERSIN,EQ,N,2020101,79.02
ENIL,EQ,N,2020101,187.98
EQUITAS,EQ,N,2020101,57.60
EROSMEDIA,EQ,N,2020101,19.74
ESSARSHPNG,EQ,N,2020101,8.77
ESSELPACK,EQ,N,2020101,220.62
EUROMULTI,EQ,N,2020101,0.48
EUROTEXIND,EQ,N,2020101,9.45
EVEREADY,EQ,N,2020101,80.64
EVERESTIND,EQ,N,2020101,222.36
EXCEL,EQ,N,2020101,1.21
EXCELINDUS,EQ,N,2020101,769.68
EXPLEOSOL,EQ,N,2020101,239.58
FACT,EQ,N,2020101,53.70
FCONSUMER,EQ,N,2020101,11.05
FCSSOFT,EQ,N,2020101,0.26
FDC,EQ,N,2020101,300.60
FEL,EQ,N,2020101,13.38
FELDVR,EQ,N,2020101,15.24
FIEMIND,EQ,N,2020101,355.62
FILATEX,EQ,N,2020101,36.18
FINEORG,EQ,N,2020101,2397.54
FLEXITUFF,EQ,N,2020101,5.66
FLFL,EQ,N,2020101,176.40
FMNL,EQ,N,2020101,20.46
FORTIS,EQ,N,2020101,142.74
FOSECOIND,EQ,N,2020101,1220.46
FRETAIL,EQ,N,2020101,112.14
FSC,EQ,N,2020101,165.30
FSL,EQ,N,2020101,42.30
GABRIEL,EQ,N,2020101,96.42
GAEL,EQ,N,2020101,138.90
GAL,EQ,N,2020101,2.16
GALAXYSURF,EQ,N,2020101,1632.78
GALLANTT,EQ,N,2020101,32.40
GAMMNINFRA,EQ,N,2020101,0.59
GANDHITUBE,EQ,N,2020101,198.72
GANECOS,EQ,N,2020101,210.24
GANESHHOUC,EQ,N,2020101,25.44
GANGESSECU,EQ,N,2020101,28.02
GARDENSILK,EQ,N,2020101,8.02
GDL,EQ,N,2020101,100.80
GEECEE,EQ,N,2020101,66.42
GEEKAYWIRE,EQ,N,2020101,73.20
GENESYS,EQ,N,2020101,33.78
GENUSPAPER,EQ,N,2020101,6.29
GENUSPOWER,EQ,N,2020101,20.58
GEOJITFSL,EQ,N,2020101,24.66
GEPIL,EQ,N,2020101,476.70
GET&D,EQ,N,2020101,77.22
GFLLIMITED,EQ,N,2020101,89.88
GHCL,EQ,N,2020101,140.28
GICHSGFIN,EQ,N,2020101,83.52
GICRE,EQ,N,2020101,166.20
GILLANDERS,EQ,N,2020101,26.70
GINNIFILA,EQ,N,2020101,8.54
GISOLUTION,EQ,N,2020101,2.04
GKWLIMITED,EQ,N,2020101,558.00
GLAXO,EQ,N,2020101,1627.44
GLFL,EQ,N,2020101,1.38
GLOBALVECT,EQ,N,2020101,61.92
GLOBOFFS,EQ,N,2020101,3.88
GMBREW,EQ,N,2020101,472.08
GMDCLTD,EQ,N,2020101,45.60
GMRINFRA,EQ,N,2020101,23.76
GNFC,EQ,N,2020101,166.02
GOACARBON,EQ,N,2020101,235.86
GOCLCORP,EQ,N,2020101,182.40
GODFRYPHLP,EQ,N,2020101,1219.86
GODREJAGRO,EQ,N,2020101,450.54
GOKUL,EQ,N,2020101,13.62
GOKULAGRO,EQ,N,2020101,13.56
GOLDBEES,EQ,N,2020101,49.42
GOLDENTOBC,EQ,N,2020101,30.54
GOLDIAM,EQ,N,2020101,108.90
GOLDSHARE,EQ,N,2020101,5099.47
GOLDTECH,EQ,N,2020101,10.56
GOODLUCK,EQ,N,2020101,38.88
GPIL,EQ,N,2020101,154.98
GPTINFRA,EQ,N,2020101,22.56
GRAPHITE,EQ,N,2020101,238.98
GRASIM,EQ,N,2020101,715.62
GRAVITA,EQ,N,2020101,43.50
GREAVESCOT,EQ,N,2020101,90.30
GREENLAM,EQ,N,2020101,700.68
GREENPANEL,EQ,N,2020101,33.18
GREENPLY,EQ,N,2020101,102.78
GREENPOWER,EQ,N,2020101,2.58
GRINDWELL,EQ,N,2020101,614.52
GROBTEA,EQ,N,2020101,380.70
GRPLTD,EQ,N,2020101,732.24
GRSE,EQ,N,2020101,179.94
GSCLCEMENT,EQ,N,2020101,30.12
GSFC,EQ,N,2020101,53.10
GSS,EQ,N,2020101,26.70
GTNIND,EQ,N,2020101,7.92
GTPL,EQ,N,2020101,56.16
GUFICBIO,EQ,N,2020101,69.30
GUJALKALI,EQ,N,2020101,383.64
GUJAPOLLO,EQ,N,2020101,183.72
GUJGASLTD,EQ,N,2020101,300.90
GULFOILLUB,EQ,N,2020101,718.98
GULFPETRO,EQ,N,2020101,55.92
GULPOLY,EQ,N,2020101,33.90
GVKPIL,EQ,N,2020101,3.72
HAL,EQ,N,2020101,678.24
HARITASEAT,EQ,N,2020101,449.82
HARRMALAYA,EQ,N,2020101,73.50
HATSUN,EQ,N,2020101,634.80
HBLPOWER,EQ,N,2020101,15.54
HCC,EQ,N,2020101,5.82
HCG,EQ,N,2020101,139.92
HCL-INSYS,EQ,N,2020101,7.58
HDFCAMC,EQ,N,2020101,3195.24
HDFCMFGETF,EQ,N,2020101,5069.66
HDFCNIFETF,EQ,N,2020101,1248.16
HDFCSENETF,EQ,N,2020101,4296.58
HEIDELBERG,EQ,N,2020101,205.86
HERCULES,EQ,N,2020101,83.22
HERITGFOOD,EQ,N,2020101,285.06
HESTERBIO,EQ,N,2020101,1427.70
HFCL,EQ,N,2020101,12.72
HGINFRA,EQ,N,2020101,205.38
HGS,EQ,N,2020101,691.50
HIKAL,EQ,N,2020101,145.62
HIL,EQ,N,2020101,1204.26
HILTON,EQ,N,2020101,11.22
HINDCOMPOS,EQ,N,2020101,160.26
HINDNATGLS,EQ,N,2020101,36.42
HINDOILEXP,EQ,N,2020101,64.62
HIRECT,EQ,N,2020101,143.94
HISARMETAL,EQ,N,2020101,66.90
HITECH,EQ,N,2020101,98.82
HITECHCORP,EQ,N,2020101,78.00
HITECHGEAR,EQ,N,2020101,111.54
HLVLTD,EQ,N,2020101,5.88
HMVL,EQ,N,2020101,53.34
HNDFDS,EQ,N,2020101,630.60
HNGSNGBEES,EQ,N,2020101,408.00
HONAUT,EQ,N,2020101,33115.50
HONDAPOWER,EQ,N,2020101,1020.72
HOTELRUGBY,EQ,N,2020101,1.20
HPL,EQ,N,2020101,31.62
HSCL,EQ,N,2020101,53.28
HSIL,EQ,N,2020101,61.56
HTMEDIA,EQ,N,2020101,14.04
HUBTOWN,EQ,N,2020101,11.69
HUDCO,EQ,N,2020101,29.46
IBMFNIFTY,EQ,N,2020101,128.52
IBULISL,EQ,N,2020101,39.48
ICICI500,EQ,N,2020101,158.83
ICICIB22,EQ,N,2020101,29.70
ICICIBANKN,EQ,N,2020101,245.15
ICICIBANKP,EQ,N,2020101,132.91
ICICIGOLD,EQ,N,2020101,50.59
ICICILIQ,EQ,N,2020101,1199.99
ICICILOVOL,EQ,N,2020101,102.37
ICICIM150,EQ,N,2020101,63.54
ICICIMCAP,EQ,N,2020101,64.28
ICICINF100,EQ,N,2020101,129.42
ICICINIFTY,EQ,N,2020101,125.96
ICICINV20,EQ,N,2020101,61.16
ICICINXT50,EQ,N,2020101,29.93
ICICISENSX,EQ,N,2020101,432.05
ICIL,EQ,N,2020101,34.02
IDBIGOLD,EQ,N,2020101,5790.18
IDFCFIRSTB,EQ,N,2020101,28.62
IDFNIFTYET,EQ,N,2020101,121.20
IEX,EQ,N,2020101,203.34
IFBIND,EQ,N,2020101,519.30
IFCI,EQ,N,2020101,8.16
IFGLEXPOR,EQ,N,2020101,127.98
IGARASHI,EQ,N,2020101,281.82
IGPL,EQ,N,2020101,157.98
IIFL,EQ,N,2020101,73.44
IIFLSEC,EQ,N,2020101,37.38
IIFLWAM,EQ,N,2020101,1078.38
IITL,EQ,N,2020101,76.95
IMAGICAA,EQ,N,2020101,4.38
IMFA,EQ,N,2020101,178.50
IMPAL,EQ,N,2020101,600.78
INDBANK,EQ,N,2020101,6.48
INDHOTEL,EQ,N,2020101,101.04
INDIACEM,EQ,N,2020101,152.10
INDIAGLYCO,EQ,N,2020101,330.66
INDIANB,EQ,N,2020101,55.98
INDIANCARD,EQ,N,2020101,104.40
INDIANHUME,EQ,N,2020101,185.82
INDIGO,EQ,N,2020101,1134.66
INDNIPPON,EQ,N,2020101,313.56
INDORAMA,EQ,N,2020101,15.89
INDOSTAR,EQ,N,2020101,342.60
INDOTECH,EQ,N,2020101,94.56
INDOTHAI,EQ,N,2020101,29.90
INDOWIND,EQ,N,2020101,3.90
INDRAMEDCO,EQ,N,2020101,49.80
INDSWFTLAB,EQ,N,2020101,30.84
INDTERRAIN,EQ,N,2020101,33.24
INEOSSTYRO,EQ,N,2020101,726.42
INFIBEAM,EQ,N,2020101,64.92
INFOBEAN,EQ,N,2020101,114.54
INFRABEES,EQ,N,2020101,360.19
INGERRAND,EQ,N,2020101,762.78
INOXLEISUR,EQ,N,2020101,266.46
INOXWIND,EQ,N,2020101,32.52
INSECTICID,EQ,N,2020101,464.82
INTELLECT,EQ,N,2020101,88.08
INTENTECH,EQ,N,2020101,21.24
INVENTURE,EQ,N,2020101,13.20
IOB,EQ,N,2020101,9.54
IPCALAB,EQ,N,2020101,1866.84
IRCON,EQ,N,2020101,106.50
IRCTC,EQ,N,2020101,1691.82
ISEC,EQ,N,2020101,467.28
ISMTLTD,EQ,N,2020101,4.34
ITC,EQ,N,2020101,236.70
ITDC,EQ,N,2020101,205.80
ITDCEM,EQ,N,2020101,47.88
IVC,EQ,N,2020101,3.31
IVP,EQ,N,2020101,42.78
IVZINGOLD,EQ,N,2020101,5160.00
IVZINNIFTY,EQ,N,2020101,1262.40
IZMO,EQ,N,2020101,18.90
J&KBANK,EQ,N,2020101,14.70
JAGRAN,EQ,N,2020101,47.40
JAGSNPHARM,EQ,N,2020101,30.54
JAIBALAJI,EQ,N,2020101,21.06
JAMNAAUTO,EQ,N,2020101,33.90
JASH,EQ,N,2020101,137.40
JAYAGROGN,EQ,N,2020101,86.88
JAYSREETEA,EQ,N,2020101,45.12
JBFIND,EQ,N,2020101,12.20
JBMA,EQ,N,2020101,194.10
JCHAC,EQ,N,2020101,2993.76
JHS,EQ,N,2020101,12.64
JINDALPHOT,EQ,N,2020101,15.74
JINDALPOLY,EQ,N,2020101,383.94
JINDALSAW,EQ,N,2020101,63.36
JINDRILL,EQ,N,2020101,66.72
JINDWORLD,EQ,N,2020101,37.32
JIYAECO,EQ,N,2020101,11.46
JKCEMENT,EQ,N,2020101,1438.26
JKIL,EQ,N,2020101,106.62
JKLAKSHMI,EQ,N,2020101,289.44
JKPAPER,EQ,N,2020101,111.96
JKTYRE,EQ,N,2020101,64.32
JMA,EQ,N,2020101,22.08
JMTAUTOLTD,EQ,N,2020101,3.30
JOCIL,EQ,N,2020101,186.12
JPASSOCIAT,EQ,N,2020101,1.68
JPINFRATEC,EQ,N,2020101,0.97
JPOLYINVST,EQ,N,2020101,11.46
JPPOWER,EQ,N,2020101,1.15
JSL,EQ,N,2020101,36.18
JSLHISAR,EQ,N,2020101,48.00
JSWENERGY,EQ,N,2020101,54.00
JSWHL,EQ,N,2020101,2007.18
JTEKTINDIA,EQ,N,2020101,60.72
JUBLFOOD,EQ,N,2020101,2040.78
JUBLINDS,EQ,N,2020101,119.10
JUMPNET,EQ,N,2020101,58.62
JUNIORBEES,EQ,N,2020101,307.96
JYOTHYLAB,EQ,N,2020101,131.28
KABRAEXTRU,EQ,N,2020101,55.14
KAKATCEM,EQ,N,2020101,172.50
KALPATPOWR,EQ,N,2020101,249.54
KAMDHENU,EQ,N,2020101,75.60
KANORICHEM,EQ,N,2020101,37.56
KANSAINER,EQ,N,2020101,457.08
KAPSTON,EQ,N,2020101,113.20
KARMAENG,EQ,N,2020101,10.68
KARURVYSYA,EQ,N,2020101,29.46
KAUSHALYA,EQ,N,2020101,0.42
KAYA,EQ,N,2020101,211.86
KCP,EQ,N,2020101,48.00
KCPSUGIND,EQ,N,2020101,16.14
KEC,EQ,N,2020101,260.40
KECL,EQ,N,2020101,11.34
KENNAMET,EQ,N,2020101,873.36
KESORAMIND,EQ,N,2020101,31.98
KEYFINSERV,EQ,N,2020101,52.74
KHADIM,EQ,N,2020101,111.96
KICL,EQ,N,2020101,1410.72
KILITCH,EQ,N,2020101,118.08
KINGFA,EQ,N,2020101,519.72
KIOCL,EQ,N,2020101,86.34
KIRLFER,EQ,N,2020101,67.62
KIRLOSBROS,EQ,N,2020101,122.70
KIRLOSENG,EQ,N,2020101,128.34
KIRLOSIND,EQ,N,2020101,625.56
KITEX,EQ,N,2020101,122.76
KKCL,EQ,N,2020101,942.78
KOKUYOCMLN,EQ,N,2020101,65.94
KOLTEPATIL,EQ,N,2020101,192.36
KOPRAN,EQ,N,2020101,34.32
KOTAKBKETF,EQ,N,2020101,249.66
KOTAKGOLD,EQ,N,2020101,497.56
KOTAKNIFTY,EQ,N,2020101,123.84
KOTAKNV20,EQ,N,2020101,61.92
KOTAKPSUBK,EQ,N,2020101,145.84
KPITTECH,EQ,N,2020101,65.10
KSB,EQ,N,2020101,572.82
KSCL,EQ,N,2020101,593.94
KSL,EQ,N,2020101,179.70
KTKBANK,EQ,N,2020101,44.16
KUANTUM,EQ,N,2020101,439.56
KWALITY,EQ,N,2020101,2.88
LAKSHVILAS,EQ,N,2020101,15.12
LALPATHLAB,EQ,N,2020101,1820.22
LAMBODHARA,EQ,N,2020101,28.98
LAOPALA,EQ,N,2020101,186.36
LASA,EQ,N,2020101,44.64
LEMONTREE,EQ,N,2020101,23.76
LFIC,EQ,N,2020101,51.90
LGBFORGE,EQ,N,2020101,2.64
LIBAS,EQ,N,2020101,47.70
LIBERTSHOE,EQ,N,2020101,134.40
LICHSGFIN,EQ,N,2020101,304.38
LICNETFGSC,EQ,N,2020101,28.01
LICNETFN50,EQ,N,2020101,125.10
LICNETFSEN,EQ,N,2020101,456.00
LICNFNHGP,EQ,N,2020101,122.05
LINCPEN,EQ,N,2020101,174.84
LINDEINDIA,EQ,N,2020101,644.88
LIQUIDBEES,EQ,N,2020101,1199.99
LIQUIDETF,EQ,N,2020101,1200.00
LOKESHMACH,EQ,N,2020101,23.00
LOTUSEYE,EQ,N,2020101,29.70
LOVABLE,EQ,N,2020101,61.32
LTI,EQ,N,2020101,2230.14
LUMAXIND,EQ,N,2020101,1109.16
LUMAXTECH,EQ,N,2020101,90.00
LUXIND,EQ,N,2020101,1174.50
LYKALABS,EQ,N,2020101,19.56
LYPSAGEMS,EQ,N,2020101,3.60
M&MFIN,EQ,N,2020101,181.74
M100,EQ,N,2020101,17.75
M50,EQ,N,2020101,116.83
MADHAV,EQ,N,2020101,23.04
MADRASFERT,EQ,N,2020101,18.20
MAGADSUGAR,EQ,N,2020101,107.40
MAGMA,EQ,N,2020101,17.64
MAGNUM,EQ,N,2020101,3.24
MAHABANK,EQ,N,2020101,11.52
MAHASTEEL,EQ,N,2020101,106.98
MAHEPC,EQ,N,2020101,166.20
MAHLIFE,EQ,N,2020101,238.80
MAHLOG,EQ,N,2020101,322.74
MAHSCOOTER,EQ,N,2020101,2672.34
MAHSEAMLES,EQ,N,2020101,257.76
MALUPAPER,EQ,N,2020101,33.96
MAN50ETF,EQ,N,2020101,121.21
MANAKALUCO,EQ,N,2020101,5.58
MANAKCOAT,EQ,N,2020101,4.32
MANAKSIA,EQ,N,2020101,38.40
MANAKSTEEL,EQ,N,2020101,11.58
MANGLMCEM,EQ,N,2020101,218.46
MANGTIMBER,EQ,N,2020101,7.63
MANINDS,EQ,N,2020101,51.30
MANINFRA,EQ,N,2020101,23.16
MANUGRAPH,EQ,N,2020101,8.53
MARALOVER,EQ,N,2020101,13.68
MARATHON,EQ,N,2020101,59.10
MARKSANS,EQ,N,2020101,31.56
MASFIN,EQ,N,2020101,750.00
MATRIMONY,EQ,N,2020101,421.68
MAWANASUG,EQ,N,2020101,28.02
MAXINDIA,EQ,N,2020101,82.14
MAXVIL,EQ,N,2020101,36.24
MAZDA,EQ,N,2020101,326.70
MCDHOLDING,EQ,N,2020101,28.20
MEGASOFT,EQ,N,2020101,6.66
MEGH,EQ,N,2020101,60.06
MENONBE,EQ,N,2020101,41.22
MHRIL,EQ,N,2020101,204.84
MIC,EQ,N,2020101,0.84
MINDACORP,EQ,N,2020101,70.74
MINDTECK,EQ,N,2020101,23.70
MINDTREE,EQ,N,2020101,1104.48
MIRCELECTR,EQ,N,2020101,6.18
MIRZAINT,EQ,N,2020101,51.24
MITTAL,EQ,N,2020101,162.42
MMFL,EQ,N,2020101,207.24
MMP,EQ,N,2020101,65.10
MMTC,EQ,N,2020101,18.48
MOHOTAIND,EQ,N,2020101,8.32
MOIL,EQ,N,2020101,158.40
MOLDTECH,EQ,N,2020101,43.68
MOLDTKPAC,EQ,N,2020101,222.12
MONTECARLO,EQ,N,2020101,157.50
MORARJEE,EQ,N,2020101,11.04
MOREPENLAB,EQ,N,2020101,20.22
MOTOGENFIN,EQ,N,2020101,30.72
MPHASIS,EQ,N,2020101,1052.22
MPSLTD,EQ,N,2020101,284.16
MRO-TEK,EQ,N,2020101,24.12
MRPL,EQ,N,2020101,37.26
MSPL,EQ,N,2020101,5.10
MTEDUCARE,EQ,N,2020101,11.34
MUKANDENGG,EQ,N,2020101,9.46
MUKANDLTD,EQ,N,2020101,20.82
MUKTAARTS,EQ,N,2020101,26.58
MUNJALAU,EQ,N,2020101,46.68
MUNJALSHOW,EQ,N,2020101,109.26
MURUDCERA,EQ,N,2020101,15.06
MUTHOOTCAP,EQ,N,2020101,329.94
MUTHOOTFIN,EQ,N,2020101,1081.32
N100,EQ,N,2020101,850.87
NACLIND,EQ,N,2020101,32.82
NAGREEKCAP,EQ,N,2020101,9.06
NAGREEKEXP,EQ,N,2020101,12.24
NAHARCAP,EQ,N,2020101,69.72
NAHARINDUS,EQ,N,2020101,29.16
NAHARPOLY,EQ,N,2020101,49.98
NAHARSPING,EQ,N,2020101,40.32
NATIONALUM,EQ,N,2020101,37.14
NATNLSTEEL,EQ,N,2020101,3.00
NAVKARCORP,EQ,N,2020101,26.52
NBCC,EQ,N,2020101,22.56
NBIFIN,EQ,N,2020101,1968.00
NCLIND,EQ,N,2020101,77.82
NDGL,EQ,N,2020101,520.32
NDL,EQ,N,2020101,22.13
NECCLTD,EQ,N,2020101,6.24
NECLIFE,EQ,N,2020101,16.32
NELCAST,EQ,N,2020101,47.10
NELCO,EQ,N,2020101,224.04
NEOGEN,EQ,N,2020101,562.44
NESCO,EQ,N,2020101,536.28
NETF,EQ,N,2020101,119.11
NETFCONSUM,EQ,N,2020101,57.54
NETFDIVOPP,EQ,N,2020101,30.56
NETFLTGILT,EQ,N,2020101,25.98
NETFMID150,EQ,N,2020101,64.24
NETFNIF100,EQ,N,2020101,126.92
NETFNV20,EQ,N,2020101,62.26
NETWORK18,EQ,N,2020101,30.60
NEULANDLAB,EQ,N,2020101,468.12
NEWGEN,EQ,N,2020101,175.92
NH,EQ,N,2020101,354.66
NHPC,EQ,N,2020101,23.94
NIACL,EQ,N,2020101,140.82
NIBL,EQ,N,2020101,6.10
NIFTYBEES,EQ,N,2020101,127.07
NIITTECH,EQ,N,2020101,1749.12
NILAINFRA,EQ,N,2020101,3.90
NILASPACES,EQ,N,2020101,0.84
NILKAMAL,EQ,N,2020101,1252.20
NIPPOBATRY,EQ,N,2020101,557.70
NITCO,EQ,N,2020101,19.02
NITINSPIN,EQ,N,2020101,39.48
NKIND,EQ,N,2020101,27.12
NLCINDIA,EQ,N,2020101,51.72
NOCIL,EQ,N,2020101,105.42
NOIDATOLL,EQ,N,2020101,3.82
NPBET,EQ,N,2020101,130.55
NRAIL,EQ,N,2020101,216.54
NRBBEARING,EQ,N,2020101,79.74
NUCLEUS,EQ,N,2020101,286.80
NXTDIGITAL,EQ,N,2020101,403.98
OAL,EQ,N,2020101,184.56
OBEROIRLTY,EQ,N,2020101,421.74
OCCL,EQ,N,2020101,723.84
OIL,EQ,N,2020101,104.70
OILCOUNTUB,EQ,N,2020101,5.10
OISL,EQ,N,2020101,3.12
OLECTRA,EQ,N,2020101,69.00
OMAXAUTO,EQ,N,2020101,30.24
OMMETALS,EQ,N,2020101,14.70
ONELIFECAP,EQ,N,2020101,7.32
ONEPOINT,EQ,N,2020101,13.74
ONMOBILE,EQ,N,2020101,33.72
ONWARDTEC,EQ,N,2020101,50.28
ORBTEXP,EQ,N,2020101,64.32
ORICONENT,EQ,N,2020101,15.95
ORIENTABRA,EQ,N,2020101,16.34
ORIENTBELL,EQ,N,2020101,68.16
ORIENTCEM,EQ,N,2020101,68.70
ORIENTHOT,EQ,N,2020101,24.18
ORIENTLTD,EQ,N,2020101,89.04
ORIENTPPR,EQ,N,2020101,22.62
ORIENTREF,EQ,N,2020101,180.54
ORISSAMINE,EQ,N,2020101,1778.46
ORTINLABSS,EQ,N,2020101,13.57
OSWALAGRO,EQ,N,2020101,7.27
PAISALO,EQ,N,2020101,192.00
PALASHSECU,EQ,N,2020101,23.94
PALREDTEC,EQ,N,2020101,14.00
PANACHE,EQ,N,2020101,44.04
PANAMAPET,EQ,N,2020101,44.64
PAPERPROD,EQ,N,2020101,239.34
PARACABLES,EQ,N,2020101,7.86
PARAGMILK,EQ,N,2020101,106.68
PATELENG,EQ,N,2020101,14.76
PATINTLOG,EQ,N,2020101,21.00
PATSPINLTD,EQ,N,2020101,5.00
PDMJEPAPER,EQ,N,2020101,14.76
PDSMFL,EQ,N,2020101,303.66
PEARLPOLY,EQ,N,2020101,12.47
PENIND,EQ,N,2020101,19.06
PENINLAND,EQ,N,2020101,3.78
PERSISTENT,EQ,N,2020101,672.00
PETRONET,EQ,N,2020101,292.62
PFC,EQ,N,2020101,99.00
PFIZER,EQ,N,2020101,4826.04
PFOCUS,EQ,N,2020101,27.42
PFS,EQ,N,2020101,11.40
PGEL,EQ,N,2020101,44.10
PGHH,EQ,N,2020101,12037.32
PGIL,EQ,N,2020101,117.60
PHOENIXLTD,EQ,N,2020101,713.22
PILANIINVS,EQ,N,2020101,1621.02
PILITA,EQ,N,2020101,5.52
PIONDIST,EQ,N,2020101,132.42
PIONEEREMB,EQ,N,2020101,26.34
PITTIENG,EQ,N,2020101,29.70
PNBGILTS,EQ,N,2020101,32.88
PNBHOUSING,EQ,N,2020101,222.72
PNC,EQ,N,2020101,13.20
PNCINFRA,EQ,N,2020101,131.94
PODDARHOUS,EQ,N,2020101,186.84
PODDARMENT,EQ,N,2020101,171.60
POLYMED,EQ,N,2020101,372.24
POLYPLEX,EQ,N,2020101,529.08
PONNIERODE,EQ,N,2020101,166.02
POWERGRID,EQ,N,2020101,198.06
POWERINDIA,EQ,N,2020101,997.20
POWERMECH,EQ,N,2020101,459.36
PPAP,EQ,N,2020101,207.24
PPL,EQ,N,2020101,52.14
PRABHAT,EQ,N,2020101,81.42
PRADIP,EQ,N,2020101,0.67
PRAENG,EQ,N,2020101,7.01
PRAKASH,EQ,N,2020101,36.00
PRAXIS,EQ,N,2020101,41.75
PRECAM,EQ,N,2020101,29.64
PRECOT,EQ,N,2020101,25.20
PRECWIRE,EQ,N,2020101,98.34
PREMEXPLN,EQ,N,2020101,84.00
PREMIER,EQ,N,2020101,1.62
PREMIERPOL,EQ,N,2020101,28.86
PRESTIGE,EQ,N,2020101,198.12
PRIMESECU,EQ,N,2020101,47.64
PRINCEPIPE,EQ,N,2020101,112.02
PROSEED,EQ,N,2020101,0.30
PROZONINTU,EQ,N,2020101,28.26
PRSMJOHNSN,EQ,N,2020101,43.74
PSB,EQ,N,2020101,16.88
PSUBNKBEES,EQ,N,2020101,16.19
PTC,EQ,N,2020101,42.48
PTL,EQ,N,2020101,36.48
PURVA,EQ,N,2020101,47.10
QGOLDHALF,EQ,N,2020101,2452.82
QUICKHEAL,EQ,N,2020101,126.78
RADAAN,EQ,N,2020101,1.14
RADICO,EQ,N,2020101,408.78
RADIOCITY,EQ,N,2020101,16.20
RAIN,EQ,N,2020101,87.72
RAJESHEXPO,EQ,N,2020101,580.02
RAJRATAN,EQ,N,2020101,247.26
RAJSREESUG,EQ,N,2020101,15.98
RAJTV,EQ,N,2020101,40.98
RALLIS,EQ,N,2020101,270.60
RAMANEWS,EQ,N,2020101,14.52
RAMASTEEL,EQ,N,2020101,35.04
RAMCOCEM,EQ,N,2020101,777.18
RAMCOIND,EQ,N,2020101,145.80
RAMCOSYS,EQ,N,2020101,88.74
RAMKY,EQ,N,2020101,37.80
RANASUG,EQ,N,2020101,3.66
RANEENGINE,EQ,N,2020101,217.08
RANEHOLDIN,EQ,N,2020101,466.26
RATNAMANI,EQ,N,2020101,1087.56
RECLTD,EQ,N,2020101,113.16
REDINGTON,EQ,N,2020101,111.60
RELAXO,EQ,N,2020101,885.48
RELIGARE,EQ,N,2020101,31.86
RELINFRA,EQ,N,2020101,21.48
REMSONSIND,EQ,N,2020101,65.70
REPCOHOME,EQ,N,2020101,119.70
REPRO,EQ,N,2020101,427.86
RESPONIND,EQ,N,2020101,96.42
REVATHI,EQ,N,2020101,389.94
RGL,EQ,N,2020101,246.96
RICOAUTO,EQ,N,2020101,34.44
RIIL,EQ,N,2020101,350.16
RKDL,EQ,N,2020101,9.18
RKFORGE,EQ,N,2020101,200.94
RML,EQ,N,2020101,243.72
RNAVAL,EQ,N,2020101,1.38
ROHITFERRO,EQ,N,2020101,0.70
ROHLTD,EQ,N,2020101,57.06
ROLTA,EQ,N,2020101,4.86
ROSSELLIND,EQ,N,2020101,55.92
RPGLIFE,EQ,N,2020101,328.44
RPPINFRA,EQ,N,2020101,53.82
RSSOFTWARE,EQ,N,2020101,16.20
RSWM,EQ,N,2020101,80.40
RSYSTEMS,EQ,N,2020101,133.80
RTNPOWER,EQ,N,2020101,1.56
RUPA,EQ,N,2020101,179.04
RUSHIL,EQ,N,2020101,136.20
RVNL,EQ,N,2020101,21.00
SADBHAV,EQ,N,2020101,49.02
SADBHIN,EQ,N,2020101,18.60
SAFARI,EQ,N,2020101,462.30
SAGARDEEP,EQ,N,2020101,97.14
SAGCEM,EQ,N,2020101,348.96
SAKAR,EQ,N,2020101,63.06
SAKHTISUG,EQ,N,2020101,9.84
SAKSOFT,EQ,N,2020101,210.06
SALONA,EQ,N,2020101,67.56
SALZERELEC,EQ,N,2020101,79.14
SAMBHAAV,EQ,N,2020101,2.11
SANCO,EQ,N,2020101,13.38
SANDESH,EQ,N,2020101,543.90
SANDHAR,EQ,N,2020101,180.30
SANGAMIND,EQ,N,2020101,47.46
SANGHIIND,EQ,N,2020101,20.10
SANGHVIFOR,EQ,N,2020101,17.22
SANGHVIMOV,EQ,N,2020101,72.18
SANOFI,EQ,N,2020101,9479.58
SARDAEN,EQ,N,2020101,196.02
SAREGAMA,EQ,N,2020101,334.62
SARLAPOLY,EQ,N,2020101,21.31
SASKEN,EQ,N,2020101,497.94
SATIA,EQ,N,2020101,96.18
SATIN,EQ,N,2020101,66.18
SBIETFQLTY,EQ,N,2020101,109.55
SCAPDVR,EQ,N,2020101,0.42
SCHNEIDER,EQ,N,2020101,101.64
SEAMECLTD,EQ,N,2020101,375.78
SELAN,EQ,N,2020101,108.42
SEQUENT,EQ,N,2020101,102.66
SESHAPAPER,EQ,N,2020101,155.70
SETCO,EQ,N,2020101,11.17
SETF10GILT,EQ,N,2020101,234.12
SETFGOLD,EQ,N,2020101,5059.76
SETFNIF50,EQ,N,2020101,123.12
SETFNIFBK,EQ,N,2020101,244.55
SETFNN50,EQ,N,2020101,304.97
SEYAIND,EQ,N,2020101,53.40
SFL,EQ,N,2020101,1691.76
SGL,EQ,N,2020101,7.63
SHAHALLOYS,EQ,N,2020101,6.06
SHAKTIPUMP,EQ,N,2020101,188.16
SHALBY,EQ,N,2020101,82.44
SHALPAINTS,EQ,N,2020101,73.56
SHANKARA,EQ,N,2020101,313.38
SHANTIGEAR,EQ,N,2020101,100.38
SHARDAMOTR,EQ,N,2020101,738.54
SHARIABEES,EQ,N,2020101,288.00
SHEMAROO,EQ,N,2020101,82.68
SHIL,EQ,N,2020101,87.78
SHILPAMED,EQ,N,2020101,496.26
SHIRPUR-G,EQ,N,2020101,8.90
SHIVAMILLS,EQ,N,2020101,27.66
SHOPERSTOP,EQ,N,2020101,235.50
SHREDIGCEM,EQ,N,2020101,42.06
SHREECEM,EQ,N,2020101,25440.96
SHREEPUSHK,EQ,N,2020101,101.82
SHREERAMA,EQ,N,2020101,5.04
SHRENIK,EQ,N,2020101,21.54
SHREYAS,EQ,N,2020101,56.58
SHRIRAMCIT,EQ,N,2020101,771.24
SHRIRAMEPC,EQ,N,2020101,3.73
SHYAMCENT,EQ,N,2020101,4.33
SICAGEN,EQ,N,2020101,15.01
SICAL,EQ,N,2020101,10.86
SIEMENS,EQ,N,2020101,1331.58
SIGIND,EQ,N,2020101,20.52
SILINV,EQ,N,2020101,133.68
SIMBHALS,EQ,N,2020101,6.83
SIMPLEXINF,EQ,N,2020101,37.44
SINTEX,EQ,N,2020101,1.62
SIS,EQ,N,2020101,481.98
SIYSIL,EQ,N,2020101,144.90
SJVN,EQ,N,2020101,26.10
SKIPPER,EQ,N,2020101,34.80
SKMEGGPROD,EQ,N,2020101,44.40
SMARTLINK,EQ,N,2020101,80.46
SMLISUZU,EQ,N,2020101,459.18
SMSPHARMA,EQ,N,2020101,49.14
SNOWMAN,EQ,N,2020101,34.08
SOBHA,EQ,N,2020101,252.90
SOLARINDS,EQ,N,2020101,1083.48
SOMANYCERA,EQ,N,2020101,129.60
SOMATEX,EQ,N,2020101,2.44
SOMICONVEY,EQ,N,2020101,15.36
SONATSOFTW,EQ,N,2020101,252.00
SOTL,EQ,N,2020101,792.18
SOUTHBANK,EQ,N,2020101,6.78
SPAL,EQ,N,2020101,75.00
SPARC,EQ,N,2020101,168.48
SPECIALITY,EQ,N,2020101,41.88
SPENCERS,EQ,N,2020101,111.18
SPIC,EQ,N,2020101,18.24
SPLIL,EQ,N,2020101,26.82
SPMLINFRA,EQ,N,2020101,8.76
SREEL,EQ,N,2020101,166.68
SREINFRA,EQ,N,2020101,5.58
SRHHYPOLTD,EQ,N,2020101,127.80
SRIPIPES,EQ,N,2020101,186.54
SSWL,EQ,N,2020101,424.14
STAMPEDE,EQ,N,2020101,0.46
STAR,EQ,N,2020101,491.28
STARCEMENT,EQ,N,2020101,90.48
STARPAPER,EQ,N,2020101,115.62
STCINDIA,EQ,N,2020101,45.36
STEELCITY,EQ,N,2020101,23.82
STEELXIND,EQ,N,2020101,15.06
STEL,EQ,N,2020101,60.00
STERTOOLS,EQ,N,2020101,154.68
STRTECH,EQ,N,2020101,127.26
SUDARSCHEM,EQ,N,2020101,471.06
SUMEETINDS,EQ,N,2020101,2.11
SUMICHEM,EQ,N,2020101,323.82
SUMMITSEC,EQ,N,2020101,366.78
SUNDARAM,EQ,N,2020101,1.42
SUNDARMFIN,EQ,N,2020101,1490.64
SUNDARMHLD,EQ,N,2020101,56.94
SUNDRMBRAK,EQ,N,2020101,211.02
SUNDRMFAST,EQ,N,2020101,369.66
SUNFLAG,EQ,N,2020101,36.30
SUNTECK,EQ,N,2020101,195.12
SUNTV,EQ,N,2020101,497.76
SUPERHOUSE,EQ,N,2020101,85.80
SUPERSPIN,EQ,N,2020101,4.20
SUPPETRO,EQ,N,2020101,199.50
SUPRAJIT,EQ,N,2020101,146.28
SUPREMEIND,EQ,N,2020101,1254.12
SURANASOL,EQ,N,2020101,6.78
SURANAT&P,EQ,N,2020101,3.90
SURYAROSNI,EQ,N,2020101,103.74
SUTLEJTEX,EQ,N,2020101,25.44
SUVEN,EQ,N,2020101,42.36
SUVENPHAR,EQ,N,2020101,385.02
SWANENERGY,EQ,N,2020101,120.66
SWARAJENG,EQ,N,2020101,1584.54
SWELECTES,EQ,N,2020101,103.44
SWSOLAR,EQ,N,2020101,183.48
TAINWALCHM,EQ,N,2020101,54.66
TAJGVK,EQ,N,2020101,166.14
TAKE,EQ,N,2020101,70.26
TANLA,EQ,N,2020101,82.86
TARMAT,EQ,N,2020101,25.20
TASTYBITE,EQ,N,2020101,13202.58
TATAINVEST,EQ,N,2020101,886.20
TATAMETALI,EQ,N,2020101,534.66
TATASTLLP,EQ,N,2020101,295.20
TBZ,EQ,N,2020101,30.06
TCI,EQ,N,2020101,196.20
TCIDEVELOP,EQ,N,2020101,350.16
TCIEXP,EQ,N,2020101,800.28
TCIFINANCE,EQ,N,2020101,6.30
TCNSBRANDS,EQ,N,2020101,457.14
TCPLPACK,EQ,N,2020101,293.46
TDPOWERSYS,EQ,N,2020101,112.68
TEAMLEASE,EQ,N,2020101,1913.58
TECHIN,EQ,N,2020101,2.16
TECHM,EQ,N,2020101,657.00
TECHNOE,EQ,N,2020101,235.92
TECHNOFAB,EQ,N,2020101,6.00
TEJASNET,EQ,N,2020101,42.54
TERASOFT,EQ,N,2020101,23.04
TEXINFRA,EQ,N,2020101,41.28
TEXMOPIPES,EQ,N,2020101,12.41
TFL,EQ,N,2020101,3.34
TGBHOTELS,EQ,N,2020101,2.88
THANGAMAYL,EQ,N,2020101,301.38
THEINVEST,EQ,N,2020101,129.54
THEMISMED,EQ,N,2020101,370.80
THERMAX,EQ,N,2020101,905.58
THOMASCOOK,EQ,N,2020101,37.32
THYROCARE,EQ,N,2020101,636.06
TI,EQ,N,2020101,19.80
TIDEWATER,EQ,N,2020101,4294.02
TIIL,EQ,N,2020101,261.54
TIINDIA,EQ,N,2020101,480.06
TIJARIA,EQ,N,2020101,6.36
TIL,EQ,N,2020101,155.46
TIMESGTY,EQ,N,2020101,24.48
TIMETECHNO,EQ,N,2020101,42.24
TIMKEN,EQ,N,2020101,1065.12
TINPLATE,EQ,N,2020101,107.40
TIPSINDLTD,EQ,N,2020101,124.74
TNPETRO,EQ,N,2020101,40.44
TNPL,EQ,N,2020101,120.84
TOKYOPLAST,EQ,N,2020101,73.32
TORNTPHARM,EQ,N,2020101,2843.34
TPLPLASTEH,EQ,N,2020101,105.30
TREEHOUSE,EQ,N,2020101,5.16
TREJHARA,EQ,N,2020101,7.50
TRENT,EQ,N,2020101,645.06
TRF,EQ,N,2020101,85.80
TRIDENT,EQ,N,2020101,7.09
TRIGYN,EQ,N,2020101,33.30
TRIL,EQ,N,2020101,7.98
TRITURBINE,EQ,N,2020101,78.90
TRIVENI,EQ,N,2020101,52.20
TTKHLTCARE,EQ,N,2020101,509.16
TTKPRESTIG,EQ,N,2020101,5836.02
TTL,EQ,N,2020101,34.14
TTML,EQ,N,2020101,3.36
TV18BRDCST,EQ,N,2020101,26.52
TVSELECT,EQ,N,2020101,91.56
TVSSRICHAK,EQ,N,2020101,1687.50
TVTODAY,EQ,N,2020101,220.20
TVVISION,EQ,N,2020101,1.32
TWL,EQ,N,2020101,37.68
UCALFUEL,EQ,N,2020101,122.04
UFLEX,EQ,N,2020101,230.22
UFO,EQ,N,2020101,80.94
UGARSUGAR,EQ,N,2020101,14.88
UJAAS,EQ,N,2020101,4.20
UJJIVAN,EQ,N,2020101,227.40
UJJIVANSFB,EQ,N,2020101,33.78
UMANGDAIRY,EQ,N,2020101,47.34
UMESLTD,EQ,N,2020101,1.13
UNICHEMLAB,EQ,N,2020101,150.36
UNITEDTEA,EQ,N,2020101,264.18
UNIVCABLES,EQ,N,2020101,117.48
UNIVPHOTO,EQ,N,2020101,107.22
UPL,EQ,N,2020101,509.64
USHAMART,EQ,N,2020101,18.00
UTINEXT50,EQ,N,2020101,311.99
UTINIFTETF,EQ,N,2020101,1267.60
UTISENSETF,EQ,N,2020101,426.71
UTISXN50,EQ,N,2020101,350.30
UTTAMSTL,EQ,N,2020101,5.84
UTTAMSUGAR,EQ,N,2020101,74.34
VADILALIND,EQ,N,2020101,677.40
VAIBHAVGBL,EQ,N,2020101,1319.28
VAISHALI,EQ,N,2020101,55.68
VAKRANGEE,EQ,N,2020101,31.62
VARDHACRLC,EQ,N,2020101,33.78
VARDMNPOLY,EQ,N,2020101,3.54
VARROC,EQ,N,2020101,171.48
VASCONEQ,EQ,N,2020101,9.18
VASWANI,EQ,N,2020101,3.78
VBL,EQ,N,2020101,726.60
VENKEYS,EQ,N,2020101,1214.94
VERTOZ,EQ,N,2020101,86.22
VESUVIUS,EQ,N,2020101,1041.12
VETO,EQ,N,2020101,39.12
VGUARD,EQ,N,2020101,216.48
VHL,EQ,N,2020101,1256.94
VIDHIING,EQ,N,2020101,73.32
VIJIFIN,EQ,N,2020101,0.48
VIKASECO,EQ,N,2020101,5.03
VIKASPROP,EQ,N,2020101,4.44
VIKASWSP,EQ,N,2020101,6.80
VIMTALABS,EQ,N,2020101,88.44
VINATIORGA,EQ,N,2020101,1243.68
VINDHYATEL,EQ,N,2020101,704.82
VIPCLOTHNG,EQ,N,2020101,7.16
VIPIND,EQ,N,2020101,286.38
VIPULLTD,EQ,N,2020101,18.84
VISAKAIND,EQ,N,2020101,226.38
VISASTEEL,EQ,N,2020101,5.34
VISHNU,EQ,N,2020101,155.22
VISHWARAJ,EQ,N,2020101,91.74
VIVIDHA,EQ,N,2020101,0.24
VIVIMEDLAB,EQ,N,2020101,12.84
VLSFINANCE,EQ,N,2020101,49.26
VOLTAMP,EQ,N,2020101,1096.20
VRLLOG,EQ,N,2020101,181.02
VSTTILLERS,EQ,N,2020101,1324.50
VTL,EQ,N,2020101,852.30
WABAG,EQ,N,2020101,120.42
WABCOINDIA,EQ,N,2020101,8282.70
WALCHANNAG,EQ,N,2020101,48.42
WATERBASE,EQ,N,2020101,112.62
WEBELSOLAR,EQ,N,2020101,17.64
WEIZMANIND,EQ,N,2020101,28.80
WELCORP,EQ,N,2020101,79.26
WELENT,EQ,N,2020101,75.18
WELINV,EQ,N,2020101,202.80
WENDT,EQ,N,2020101,2518.62
WHEELS,EQ,N,2020101,518.82
WILLAMAGOR,EQ,N,2020101,16.50
WINDMACHIN,EQ,N,2020101,17.33
WOCKPHARMA,EQ,N,2020101,267.72
WONDERLA,EQ,N,2020101,155.58
WSI,EQ,N,2020101,1.32
XCHANGING,EQ,N,2020101,50.58
XELPMOC,EQ,N,2020101,53.34
XPROINDIA,EQ,N,2020101,19.38
YESBANK,EQ,N,2020101,32.58
ZEELEARN,EQ,N,2020101,15.24
ZEEMEDIA,EQ,N,2020101,6.18
ZENITHBIR,EQ,N,2020101,0.66
ZENITHEXPO,EQ,N,2020101,44.40
ZENSARTECH,EQ,N,2020101,113.22
ZICOM,EQ,N,2020101,1.64
ZODIACLOTH,EQ,N,2020101,138.42
ZODJRDMKJ,EQ,N,2020101,28.08
ZOTA,EQ,N,2020101,172.80
ZUARI,EQ,N,2020101,107.64
ZUARIGLOB,EQ,N,2020101,49.80
ZYDUSWELL,EQ,N,2020101,1556.34
